id1,id2,gemeinsame_postulate
100,110,1
100,120,1
100,161,1
100,168,1
100,170,1
100,172,2
100,185,1
100,188,1
100,21,3
100,210,3
100,251,1
100,261,2
100,264,1
100,270,2
100,271,3
100,278,1
100,280,2
100,283,1
100,285,1
100,289,5
100,298,2
100,299,2
100,305,1
100,312,1
100,314,1
100,328,1
100,330,1
100,331,2
100,333,1
100,337,1
100,340,1
100,343,2
100,354,1
100,361,2
100,369,1
100,378,1
100,383,1
100,388,2
100,391,1
100,392,1
100,394,1
100,395,1
100,403,1
100,405,1
100,414,1
100,419,1
100,420,1
100,422,1
100,424,1
100,426,1
100,427,1
100,430,1
100,436,1
100,439,1
100,44,2
100,441,1
100,451,3
100,454,1
100,458,1
100,459,1
100,460,1
100,468,2
100,473,3
100,475,1
100,479,2
100,481,3
100,482,1
100,488,2
100,490,2
100,491,3
100,493,2
100,494,2
100,496,1
100,6,2
100,79,1
100,88,1
100,89,1
102,102,7
102,125,1
102,147,8
102,192,2
102,228,2
102,301,2
102,317,4
102,319,3
102,335,1
102,345,1
102,352,1
102,356,4
102,364,3
102,380,7
102,382,4
102,384,5
102,395,2
102,400,1
102,402,7
102,416,6
102,421,7
102,438,9
102,66,1
106,106,5
106,11,2
106,14,3
106,144,2
106,149,1
106,153,13
106,161,4
106,166,1
106,170,2
106,172,1
106,178,2
106,185,4
106,198,6
106,21,1
106,211,1
106,251,2
106,264,6
106,271,1
106,278,5
106,280,2
106,285,2
106,287,1
106,289,1
106,293,8
106,297,1
106,299,1
106,304,10
106,306,1
106,314,31
106,323,5
106,327,3
106,329,3
106,330,7
106,331,9
106,332,1
106,333,2
106,334,9
106,337,5
106,340,1
106,341,3
106,343,1
106,346,9
106,348,7
106,349,5
106,350,6
106,354,5
106,355,6
106,358,10
106,361,4
106,363,4
106,367,1
106,369,11
106,370,18
106,371,4
106,374,6
106,376,3
106,378,10
106,379,2
106,383,19
106,386,10
106,391,1
106,392,13
106,393,1
106,395,6
106,396,1
106,399,1
106,403,3
106,404,1
106,410,3
106,411,7
106,414,1
106,415,1
106,418,34
106,419,2
106,420,7
106,422,6
106,424,11
106,425,1
106,427,1
106,428,1
106,430,2
106,431,17
106,433,2
106,437,6
106,439,11
106,443,9
106,444,2
106,445,1
106,446,4
106,447,3
106,448,1
106,449,23
106,451,3
106,452,1
106,453,5
106,457,11
106,459,4
106,461,1
106,467,1
106,468,1
106,471,1
106,473,1
106,474,1
106,476,7
106,478,3
106,479,1
106,482,1
106,484,6
106,485,5
106,486,3
106,487,5
106,490,1
106,491,2
106,493,4
106,494,3
106,496,1
106,498,4
106,499,4
106,501,4
106,502,7
106,51,13
106,53,2
106,6,1
106,65,4
106,83,23
106,89,9
106,98,11
11,11,1
11,14,1
11,149,1
11,153,3
11,166,1
11,170,1
11,178,1
11,185,1
11,198,1
11,264,2
11,280,1
11,293,1
11,304,2
11,314,1
11,323,1
11,329,1
11,330,1
11,331,3
11,333,1
11,334,1
11,340,2
11,346,2
11,349,2
11,350,1
11,354,1
11,355,1
11,358,2
11,363,2
11,367,1
11,371,1
11,374,2
11,378,1
11,383,3
11,386,3
11,392,2
11,399,1
11,403,2
11,410,3
11,411,2
11,414,2
11,418,2
11,419,4
11,420,2
11,422,2
11,424,1
11,433,1
11,437,1
11,439,3
11,443,2
11,444,1
11,445,1
11,446,1
11,447,1
11,449,4
11,451,1
11,452,1
11,457,1
11,458,2
11,459,2
11,461,2
11,468,1
11,471,1
11,477,2
11,478,4
11,482,1
11,484,2
11,487,1
11,489,2
11,491,1
11,494,1
11,499,1
11,501,1
11,6,3
11,65,3
11,83,3
11,89,1
11,98,1
110,14,1
110,144,4
110,149,1
110,153,1
110,161,1
110,168,5
110,188,1
110,198,2
110,210,1
110,264,4
110,280,15
110,293,10
110,296,1
110,304,17
110,314,3
110,323,5
110,327,1
110,329,3
110,330,14
110,332,6
110,334,7
110,346,2
110,349,8
110,350,4
110,354,4
110,358,6
110,367,1
110,369,1
110,370,1
110,371,2
110,374,2
110,378,7
110,383,18
110,386,11
110,389,3
110,393,2
110,395,7
110,396,2
110,403,11
110,404,1
110,405,1
110,410,6
110,411,8
110,418,4
110,419,1
110,420,9
110,422,7
110,424,12
110,426,1
110,428,4
110,431,1
110,433,1
110,437,1
110,439,1
110,443,16
110,447,2
110,449,27
110,457,9
110,459,12
110,460,4
110,472,2
110,474,1
110,476,1
110,482,1
110,484,8
110,486,6
110,487,10
110,49,1
110,494,13
110,498,6
110,499,3
110,501,3
110,502,1
110,51,3
110,53,1
110,63,1
110,83,5
110,88,1
110,89,20
110,98,8
116,182,1
116,250,1
116,261,1
116,271,1
116,285,1
116,287,1
116,289,1
116,298,1
116,299,1
116,306,1
116,307,1
116,309,1
116,341,2
116,343,1
116,360,1
116,376,1
116,379,1
116,387,1
116,391,1
116,394,1
116,425,1
116,432,1
116,441,1
116,448,1
116,451,1
116,452,1
116,453,1
116,454,1
116,458,1
116,466,1
116,473,1
116,477,1
116,479,1
116,481,1
116,482,1
116,485,1
116,488,1
116,489,1
116,491,1
116,496,1
120,170,2
120,172,1
120,182,1
120,185,1
120,21,1
120,210,1
120,251,2
120,261,1
120,271,1
120,278,1
120,283,1
120,285,2
120,289,2
120,299,1
120,302,3
120,305,1
120,309,1
120,312,1
120,314,3
120,327,2
120,328,1
120,331,1
120,333,1
120,334,1
120,337,3
120,340,2
120,341,1
120,343,2
120,353,3
120,361,2
120,388,1
120,391,1
120,392,1
120,393,2
120,403,1
120,405,1
120,414,1
120,418,1
120,420,1
120,432,2
120,439,2
120,441,2
120,448,1
120,451,4
120,454,2
120,458,1
120,461,1
120,467,1
120,468,1
120,479,1
120,482,1
120,488,2
120,493,1
120,494,1
120,496,2
120,51,2
120,6,1
120,65,2
125,192,2
125,319,1
125,335,1
125,352,1
125,380,1
125,384,2
125,416,1
125,421,1
125,438,1
125,66,1
14,153,3
14,168,2
14,172,1
14,178,1
14,198,1
14,251,1
14,264,2
14,278,1
14,280,1
14,293,2
14,304,2
14,306,1
14,312,1
14,314,2
14,323,1
14,327,3
14,328,1
14,329,1
14,330,2
14,331,2
14,333,4
14,337,3
14,340,1
14,341,1
14,346,1
14,354,2
14,355,2
14,358,2
14,361,1
14,363,1
14,369,1
14,370,1
14,371,1
14,374,1
14,378,1
14,383,4
14,386,1
14,389,1
14,395,3
14,403,2
14,404,1
14,410,1
14,411,1
14,414,2
14,418,1
14,419,2
14,420,3
14,422,1
14,424,3
14,431,1
14,433,1
14,437,1
14,439,3
14,441,2
14,443,4
14,445,2
14,446,2
14,447,1
14,449,3
14,457,2
14,458,1
14,459,2
14,461,1
14,467,2
14,471,2
14,472,1
14,474,1
14,476,1
14,478,1
14,484,2
14,485,1
14,486,1
14,487,1
14,493,1
14,494,1
14,51,2
14,83,2
14,89,3
14,98,4
144,144,2
144,153,3
144,168,4
144,198,5
144,211,1
144,271,1
144,278,1
144,280,6
144,289,1
144,293,2
144,296,1
144,298,1
144,304,5
144,310,1
144,314,6
144,323,3
144,327,1
144,329,1
144,330,5
144,332,1
144,334,2
144,346,5
144,349,2
144,354,2
144,355,1
144,358,1
144,361,4
144,363,2
144,369,1
144,370,1
144,371,2
144,374,2
144,378,5
144,383,4
144,386,1
144,388,1
144,389,2
144,390,1
144,391,1
144,392,2
144,393,2
144,395,1
144,396,1
144,403,1
144,405,1
144,410,1
144,411,1
144,417,1
144,418,3
144,419,1
144,420,3
144,422,1
144,424,2
144,426,2
144,428,1
144,430,2
144,431,3
144,433,1
144,436,1
144,439,1
144,443,3
144,449,9
144,457,4
144,459,6
144,460,4
144,472,1
144,474,1
144,475,1
144,481,1
144,482,1
144,484,4
144,486,5
144,487,4
144,489,1
144,491,1
144,494,6
144,498,3
144,499,2
144,501,2
144,51,4
144,53,1
144,63,1
144,79,1
144,83,4
144,88,1
144,89,6
144,98,4
147,147,1
147,301,1
147,317,1
147,345,2
147,380,1
147,384,3
147,395,1
147,400,2
147,402,1
147,421,2
147,438,2
149,149,2
149,153,1
149,170,1
149,178,6
149,185,1
149,264,2
149,277,2
149,293,2
149,298,1
149,304,4
149,314,1
149,323,1
149,329,1
149,330,1
149,331,1
149,333,1
149,334,2
149,340,1
149,343,3
149,349,1
149,350,1
149,354,1
149,355,2
149,358,1
149,363,3
149,371,1
149,374,1
149,376,1
149,378,1
149,383,3
149,386,3
149,392,1
149,395,1
149,399,1
149,403,2
149,410,2
149,411,2
149,418,3
149,420,2
149,422,3
149,424,2
149,425,2
149,428,1
149,433,1
149,437,1
149,439,4
149,443,2
149,444,3
149,446,1
149,449,3
149,451,3
149,452,1
149,453,1
149,457,2
149,458,1
149,459,2
149,478,4
149,479,1
149,482,1
149,485,3
149,487,1
149,491,1
149,494,2
149,496,1
149,499,1
149,501,1
149,79,2
149,83,2
149,89,2
149,98,2
153,153,3
153,161,1
153,168,2
153,170,1
153,172,1
153,178,1
153,185,2
153,198,4
153,21,1
153,264,6
153,278,1
153,280,4
153,285,1
153,287,1
153,289,3
153,293,5
153,304,5
153,306,1
153,314,16
153,323,1
153,327,8
153,329,2
153,330,2
153,331,7
153,332,1
153,333,5
153,334,3
153,337,3
153,340,1
153,341,1
153,346,2
153,348,1
153,354,9
153,355,5
153,358,4
153,361,4
153,363,6
153,369,5
153,370,7
153,371,3
153,374,6
153,378,7
153,383,10
153,386,8
153,392,5
153,393,1
153,395,5
153,396,1
153,399,1
153,403,5
153,404,1
153,405,1
153,410,3
153,411,5
153,414,1
153,418,11
153,419,3
153,420,4
153,422,5
153,424,6
153,428,1
153,430,1
153,431,7
153,433,3
153,437,5
153,439,3
153,442,2
153,443,4
153,444,1
153,445,1
153,446,3
153,447,1
153,449,8
153,451,2
153,453,1
153,457,4
153,459,3
153,461,1
153,467,2
153,471,1
153,472,2
153,474,2
153,476,1
153,478,1
153,479,1
153,482,2
153,484,3
153,485,2
153,486,3
153,491,1
153,494,1
153,498,1
153,502,1
153,51,4
153,63,1
153,83,9
153,88,1
153,89,6
153,98,9
161,168,1
161,178,1
161,188,2
161,198,2
161,21,2
161,264,2
161,270,1
161,271,2
161,278,1
161,285,1
161,289,2
161,305,2
161,314,2
161,331,1
161,332,2
161,341,1
161,348,1
161,354,1
161,355,1
161,363,1
161,369,3
161,370,2
161,376,1
161,378,2
161,379,1
161,383,1
161,388,1
161,391,1
161,392,3
161,395,1
161,396,1
161,403,1
161,418,3
161,419,2
161,422,1
161,424,3
161,425,1
161,426,2
161,427,1
161,430,2
161,431,2
161,437,1
161,44,1
161,444,1
161,449,1
161,451,1
161,453,4
161,457,1
161,471,1
161,473,1
161,476,1
161,478,1
161,481,1
161,485,2
161,490,1
161,491,1
161,494,1
161,496,1
161,498,1
161,501,1
161,502,2
161,51,1
161,6,2
161,65,1
161,83,2
161,88,1
166,166,1
166,198,2
166,210,3
166,264,1
166,304,1
166,323,1
166,328,2
166,331,1
166,334,1
166,349,1
166,350,1
166,358,1
166,360,3
166,374,1
166,378,1
166,383,1
166,386,1
166,410,1
166,411,1
166,414,1
166,418,1
166,420,1
166,422,1
166,424,1
166,433,1
166,439,1
166,443,1
166,447,1
166,449,2
166,452,1
166,457,1
166,459,1
166,461,1
166,468,1
166,478,1
166,484,1
166,487,1
166,494,1
166,499,1
166,501,1
166,6,1
166,65,1
166,83,1
166,89,1
168,168,1
168,188,1
168,198,1
168,21,1
168,210,1
168,264,6
168,270,1
168,271,2
168,280,9
168,289,3
168,293,3
168,298,1
168,304,9
168,305,1
168,306,1
168,310,1
168,314,2
168,323,5
168,327,3
168,329,2
168,330,10
168,332,2
168,333,1
168,334,5
168,337,1
168,349,4
168,350,1
168,354,5
168,358,1
168,369,2
168,370,1
168,371,1
168,374,1
168,378,8
168,383,9
168,386,2
168,388,2
168,389,3
168,391,1
168,393,1
168,395,7
168,396,2
168,399,1
168,403,7
168,404,1
168,405,1
168,410,6
168,411,4
168,417,1
168,418,1
168,419,2
168,420,7
168,422,6
168,424,5
168,426,2
168,428,4
168,430,1
168,431,2
168,433,3
168,436,3
168,437,2
168,439,1
168,44,1
168,443,10
168,445,1
168,446,1
168,447,2
168,449,11
168,457,6
168,459,6
168,460,3
168,467,1
168,472,2
168,473,1
168,474,1
168,475,1
168,476,2
168,481,2
168,482,1
168,484,5
168,485,1
168,486,4
168,487,7
168,489,1
168,490,1
168,491,2
168,494,11
168,498,4
168,499,1
168,501,2
168,51,2
168,6,1
168,63,1
168,79,1
168,83,2
168,88,2
168,89,11
168,98,6
170,172,2
170,178,1
170,185,1
170,21,1
170,210,1
170,261,1
170,264,2
170,271,1
170,280,1
170,283,1
170,285,1
170,289,2
170,293,2
170,297,1
170,299,1
170,304,3
170,305,1
170,306,1
170,312,1
170,314,5
170,328,1
170,329,1
170,330,3
170,331,3
170,333,2
170,334,4
170,337,1
170,340,1
170,343,1
170,349,2
170,350,3
170,353,1
170,354,1
170,355,1
170,358,3
170,360,1
170,361,1
170,363,2
170,369,1
170,370,3
170,371,2
170,374,4
170,376,1
170,383,3
170,386,3
170,388,1
170,389,1
170,391,1
170,392,3
170,393,7
170,395,1
170,396,4
170,399,1
170,403,3
170,404,1
170,405,7
170,410,2
170,411,3
170,414,1
170,418,3
170,419,1
170,420,9
170,422,2
170,424,2
170,431,1
170,437,1
170,439,2
170,441,1
170,443,1
170,444,1
170,446,1
170,447,1
170,448,1
170,449,3
170,451,2
170,454,1
170,457,1
170,458,1
170,459,3
170,468,1
170,472,6
170,474,5
170,479,1
170,482,7
170,484,1
170,485,1
170,487,2
170,488,1
170,490,2
170,491,1
170,493,1
170,494,3
170,496,1
170,499,2
170,501,1
170,6,1
170,65,1
170,83,1
170,89,2
170,98,3
171,171,2
171,275,5
171,315,1
171,317,1
171,345,3
171,352,1
171,356,2
171,380,1
171,402,2
171,406,3
171,429,2
171,456,1
172,178,1
172,185,1
172,21,3
172,210,3
172,251,1
172,261,2
172,264,1
172,271,2
172,278,1
172,280,1
172,283,1
172,285,1
172,289,5
172,297,2
172,299,1
172,304,1
172,305,1
172,306,1
172,310,1
172,312,3
172,314,4
172,328,3
172,330,1
172,331,2
172,333,5
172,334,2
172,337,1
172,340,2
172,341,2
172,343,2
172,349,1
172,350,2
172,355,1
172,358,1
172,361,4
172,363,1
172,370,1
172,374,2
172,376,2
172,383,1
172,386,1
172,388,2
172,390,2
172,391,1
172,392,2
172,393,2
172,394,1
172,403,1
172,404,1
172,405,3
172,410,1
172,411,1
172,414,3
172,419,1
172,422,2
172,424,1
172,425,1
172,427,2
172,439,1
172,44,1
172,441,6
172,442,1
172,444,1
172,445,1
172,447,1
172,448,3
172,449,1
172,451,3
172,452,1
172,453,1
172,454,2
172,457,1
172,458,3
172,466,1
172,468,2
172,473,1
172,479,2
172,481,1
172,482,3
172,485,1
172,487,2
172,488,3
172,489,1
172,490,2
172,491,4
172,493,2
172,496,3
172,499,1
172,501,1
172,6,2
172,65,2
172,79,1
172,89,2
172,98,1
178,185,2
178,198,1
178,21,1
178,264,1
178,271,1
178,277,1
178,293,1
178,298,1
178,304,1
178,312,1
178,314,1
178,328,1
178,329,1
178,331,2
178,333,7
178,340,2
178,341,2
178,343,5
178,349,2
178,354,1
178,355,4
178,358,1
178,361,1
178,363,3
178,367,1
178,371,1
178,374,1
178,376,4
178,378,1
178,379,2
178,383,2
178,386,1
178,387,1
178,391,1
178,392,4
178,396,1
178,399,1
178,403,1
178,411,1
178,414,3
178,418,1
178,419,1
178,420,1
178,422,1
178,425,3
178,427,1
178,436,1
178,437,1
178,439,4
178,441,1
178,443,1
178,444,4
178,445,1
178,446,1
178,449,1
178,451,5
178,452,3
178,453,7
178,458,1
178,459,1
178,471,2
178,473,1
178,474,1
178,478,3
178,479,1
178,482,1
178,485,3
178,487,1
178,491,3
178,496,2
178,498,1
178,501,1
178,502,1
178,65,2
178,79,1
178,83,1
178,89,1
178,98,1
182,250,1
182,251,1
182,261,1
182,271,1
182,285,1
182,287,1
182,289,1
182,298,1
182,299,1
182,302,2
182,306,1
182,307,1
182,309,1
182,314,1
182,327,1
182,337,1
182,341,2
182,343,1
182,353,1
182,360,1
182,376,1
182,379,1
182,387,1
182,391,1
182,394,1
182,425,1
182,432,2
182,439,1
182,441,1
182,448,1
182,451,2
182,452,1
182,453,1
182,454,1
182,458,1
182,461,1
182,466,1
182,467,1
182,473,1
182,477,1
182,479,1
182,481,1
182,482,1
182,485,1
182,488,1
182,489,1
182,491,1
182,496,1
182,51,1
182,65,1
185,21,3
185,210,2
185,251,2
185,264,1
185,271,1
185,278,2
185,285,1
185,289,1
185,293,1
185,299,1
185,302,1
185,304,1
185,309,1
185,314,4
185,327,2
185,329,1
185,331,2
185,333,1
185,334,1
185,337,1
185,340,1
185,341,2
185,343,1
185,346,2
185,353,1
185,354,1
185,355,1
185,358,1
185,361,3
185,363,1
185,370,3
185,371,1
185,374,1
185,379,2
185,383,1
185,386,1
185,387,1
185,388,1
185,392,3
185,394,1
185,399,1
185,403,1
185,411,1
185,415,1
185,418,3
185,420,2
185,422,1
185,427,1
185,432,1
185,436,1
185,437,1
185,439,5
185,441,1
185,443,1
185,444,1
185,446,1
185,448,1
185,449,1
185,451,4
185,454,1
185,459,1
185,473,1
185,474,1
185,481,1
185,482,1
185,488,2
185,491,2
185,493,1
185,496,1
185,51,2
185,65,1
185,79,1
185,83,1
185,98,2
188,21,2
188,264,3
188,270,1
188,271,1
188,280,1
188,289,2
188,305,2
188,346,1
188,349,1
188,354,2
188,369,3
188,378,1
188,388,1
188,389,1
188,393,1
188,395,1
188,396,1
188,403,3
188,404,1
188,419,1
188,420,1
188,422,2
188,424,6
188,426,3
188,430,2
188,44,1
188,472,1
188,473,1
188,481,1
188,490,1
188,491,1
188,494,2
188,6,2
188,88,1
188,89,1
192,192,1
192,319,2
192,335,2
192,352,2
192,380,2
192,416,2
192,421,3
192,438,3
192,456,1
192,66,2
198,198,1
198,210,1
198,211,1
198,261,1
198,264,9
198,271,2
198,278,2
198,280,2
198,285,1
198,287,1
198,289,1
198,293,4
198,297,1
198,298,1
198,304,6
198,306,1
198,314,8
198,323,2
198,327,3
198,329,10
198,330,4
198,331,3
198,333,3
198,334,21
198,337,2
198,341,2
198,346,17
198,349,24
198,350,8
198,354,9
198,355,3
198,358,7
198,360,1
198,361,5
198,363,4
198,367,6
198,369,3
198,370,4
198,371,3
198,374,3
198,376,1
198,378,5
198,379,1
198,383,28
198,386,14
198,390,1
198,391,1
198,392,5
198,393,3
198,395,17
198,396,3
198,399,1
198,403,21
198,404,2
198,410,11
198,411,10
198,417,2
198,418,7
198,419,2
198,420,2
198,422,9
198,424,21
198,425,1
198,426,1
198,427,1
198,428,3
198,430,1
198,431,3
198,433,5
198,436,1
198,437,3
198,439,1
198,443,3
198,444,1
198,446,1
198,447,3
198,449,14
198,451,1
198,453,4
198,457,4
198,459,3
198,460,1
198,467,1
198,468,3
198,471,1
198,472,1
198,473,1
198,475,1
198,476,1
198,478,1
198,481,3
198,484,4
198,485,3
198,486,1
198,487,4
198,490,1
198,491,1
198,494,7
198,496,2
198,498,3
198,499,1
198,501,2
198,502,1
198,51,4
198,53,2
198,65,2
198,83,7
198,89,5
198,98,16
21,210,3
21,251,1
21,261,2
21,264,4
21,270,1
21,271,3
21,278,1
21,283,1
21,285,1
21,289,7
21,297,1
21,299,1
21,305,2
21,312,1
21,314,3
21,328,1
21,331,1
21,333,2
21,334,1
21,337,1
21,340,2
21,343,2
21,354,1
21,361,3
21,369,4
21,376,1
21,378,1
21,379,1
21,387,1
21,388,2
21,391,1
21,392,4
21,393,1
21,394,1
21,395,1
21,403,2
21,405,2
21,414,2
21,418,1
21,419,1
21,422,1
21,424,6
21,426,5
21,427,1
21,430,4
21,436,1
21,439,1
21,44,2
21,441,2
21,442,1
21,444,1
21,445,1
21,448,1
21,451,3
21,452,1
21,453,1
21,454,2
21,458,2
21,468,2
21,473,2
21,474,1
21,479,2
21,481,2
21,482,2
21,488,3
21,490,2
21,491,3
21,493,2
21,494,1
21,496,2
21,6,5
21,79,1
21,88,1
210,210,1
210,251,2
210,261,1
210,271,3
210,278,2
210,283,1
210,285,1
210,289,4
210,293,1
210,297,1
210,299,1
210,304,1
210,312,1
210,314,2
210,323,1
210,328,3
210,331,1
210,332,1
210,333,1
210,334,1
210,337,1
210,340,1
210,343,3
210,349,1
210,360,2
210,361,4
210,378,1
210,383,1
210,386,1
210,388,2
210,390,2
210,391,1
210,392,1
210,393,1
210,394,2
210,395,1
210,405,1
210,410,1
210,411,1
210,414,1
210,418,1
210,422,1
210,424,1
210,427,2
210,436,1
210,439,4
210,441,1
210,443,1
210,444,1
210,449,2
210,451,3
210,453,1
210,454,1
210,457,1
210,458,1
210,468,1
210,473,2
210,474,1
210,475,1
210,476,1
210,479,1
210,481,2
210,482,1
210,484,1
210,485,1
210,487,1
210,488,3
210,491,2
210,493,4
210,496,1
210,51,2
210,6,1
210,79,3
210,89,1
210,98,1
211,278,1
211,280,1
211,293,2
211,296,1
211,304,2
211,314,2
211,323,1
211,330,2
211,334,2
211,354,2
211,371,1
211,378,1
211,383,1
211,392,1
211,393,1
211,403,1
211,418,1
211,424,1
211,426,1
211,430,1
211,439,1
211,443,1
211,447,1
211,449,4
211,457,3
211,459,1
211,484,1
211,486,1
211,487,2
211,498,2
211,499,2
211,501,1
211,51,1
211,53,1
211,83,2
211,89,1
211,98,1
223,317,1
223,319,1
223,345,2
223,356,1
227,227,1
227,384,2
228,275,1
228,317,1
228,321,1
228,356,1
228,384,3
228,402,1
228,429,1
228,438,1
228,456,1
250,261,1
250,271,1
250,285,1
250,287,1
250,289,1
250,298,1
250,299,1
250,306,1
250,307,1
250,309,1
250,341,2
250,343,1
250,360,1
250,376,1
250,379,1
250,387,1
250,391,1
250,394,1
250,425,1
250,432,1
250,441,1
250,448,1
250,451,1
250,452,1
250,453,1
250,454,1
250,458,1
250,466,1
250,473,1
250,477,1
250,479,1
250,481,1
250,482,1
250,485,1
250,488,1
250,489,1
250,491,1
250,496,1
251,264,1
251,271,1
251,278,3
251,285,1
251,289,1
251,293,1
251,302,3
251,304,1
251,309,1
251,314,2
251,323,1
251,327,3
251,330,1
251,337,3
251,340,1
251,341,1
251,343,1
251,346,1
251,353,2
251,355,1
251,358,1
251,361,3
251,370,1
251,371,1
251,383,1
251,386,1
251,388,1
251,394,1
251,395,1
251,420,1
251,424,1
251,427,1
251,431,1
251,432,2
251,439,4
251,441,1
251,443,1
251,448,1
251,449,1
251,451,4
251,454,1
251,457,1
251,461,1
251,467,1
251,473,1
251,481,1
251,488,2
251,491,1
251,493,2
251,496,1
251,51,3
251,65,1
251,79,1
251,83,1
251,89,1
251,98,1
261,270,2
261,271,2
261,283,1
261,285,2
261,287,2
261,289,5
261,297,3
261,298,4
261,299,3
261,306,1
261,307,2
261,309,1
261,310,1
261,312,1
261,314,2
261,328,1
261,329,1
261,331,5
261,333,3
261,334,2
261,337,1
261,340,2
261,341,2
261,343,4
261,349,1
261,355,1
261,360,1
261,361,2
261,369,1
261,374,2
261,376,2
261,378,1
261,379,1
261,383,3
261,386,1
261,387,1
261,391,2
261,392,5
261,393,2
261,394,1
261,395,1
261,399,3
261,403,2
261,404,1
261,405,3
261,410,1
261,414,2
261,417,2
261,418,2
261,419,1
261,422,1
261,424,1
261,425,2
261,428,1
261,431,3
261,432,1
261,433,1
261,436,3
261,439,1
261,44,2
261,441,3
261,442,1
261,443,1
261,444,2
261,445,1
261,448,3
261,449,1
261,451,4
261,452,3
261,453,2
261,454,3
261,457,1
261,458,3
261,459,1
261,466,2
261,468,5
261,473,4
261,475,2
261,476,1
261,477,2
261,479,4
261,481,5
261,482,3
261,485,2
261,488,3
261,489,2
261,490,2
261,491,3
261,493,1
261,494,2
261,496,3
261,6,1
261,65,1
261,79,1
261,83,2
264,264,1
264,270,1
264,271,1
264,278,1
264,280,9
264,289,2
264,293,9
264,297,1
264,304,19
264,305,2
264,306,2
264,314,8
264,323,5
264,327,8
264,329,19
264,330,18
264,331,3
264,333,2
264,334,39
264,337,3
264,346,14
264,349,44
264,350,18
264,354,24
264,355,10
264,358,25
264,361,1
264,363,2
264,367,8
264,369,7
264,370,6
264,371,8
264,374,6
264,376,2
264,378,7
264,383,49
264,386,47
264,388,1
264,389,4
264,392,3
264,393,2
264,395,42
264,396,6
264,399,2
264,403,34
264,404,3
264,410,32
264,411,40
264,414,1
264,418,10
264,419,3
264,420,13
264,422,42
264,424,55
264,426,8
264,427,1
264,428,5
264,430,4
264,431,2
264,433,19
264,436,1
264,437,7
264,439,5
264,44,1
264,443,12
264,444,1
264,445,2
264,446,2
264,447,5
264,448,1
264,449,29
264,451,1
264,452,1
264,457,15
264,459,4
264,460,3
264,461,1
264,467,1
264,468,1
264,472,3
264,473,1
264,476,2
264,478,2
264,481,1
264,482,2
264,484,10
264,485,3
264,486,2
264,487,10
264,490,2
264,491,2
264,493,1
264,494,9
264,496,1
264,498,4
264,499,4
264,501,6
264,502,1
264,51,2
264,6,3
264,65,1
264,83,10
264,88,2
264,89,20
264,98,42
270,271,2
270,272,1
270,277,1
270,289,2
270,298,4
270,299,1
270,305,1
270,307,1
270,331,1
270,343,1
270,354,1
270,369,1
270,378,1
270,388,1
270,392,1
270,395,1
270,403,1
270,41,1
270,419,1
270,422,1
270,424,1
270,425,1
270,426,1
270,430,1
270,433,1
270,436,3
270,44,2
270,444,1
270,451,1
270,452,1
270,460,1
270,466,1
270,468,3
270,473,4
270,475,1
270,477,1
270,479,1
270,481,5
270,485,1
270,489,1
270,490,2
270,491,2
270,494,2
270,6,1
270,88,1
271,272,1
271,277,1
271,278,1
271,280,1
271,283,1
271,285,2
271,287,1
271,289,7
271,297,1
271,298,4
271,299,2
271,305,1
271,306,1
271,307,1
271,309,1
271,310,1
271,312,1
271,314,1
271,323,1
271,328,1
271,330,1
271,331,1
271,333,1
271,337,1
271,340,1
271,341,3
271,343,2
271,354,1
271,355,1
271,360,1
271,361,2
271,363,1
271,369,2
271,371,1
271,376,2
271,378,3
271,379,2
271,387,1
271,388,5
271,389,1
271,391,4
271,392,4
271,394,2
271,395,2
271,396,1
271,403,3
271,405,1
271,41,1
271,410,2
271,414,1
271,417,2
271,419,2
271,420,1
271,422,3
271,424,2
271,425,2
271,426,1
271,427,2
271,428,1
271,430,1
271,431,2
271,432,1
271,433,1
271,436,4
271,439,1
271,44,1
271,441,2
271,444,1
271,448,1
271,451,3
271,452,1
271,453,4
271,454,2
271,458,2
271,459,1
271,460,2
271,466,1
271,468,4
271,471,1
271,473,5
271,475,1
271,477,1
271,478,1
271,479,2
271,481,7
271,482,2
271,485,2
271,486,1
271,487,1
271,488,3
271,489,2
271,490,2
271,491,5
271,493,2
271,494,5
271,496,3
271,498,2
271,501,1
271,502,1
271,6,2
271,65,1
271,79,2
271,88,1
272,277,1
272,298,1
272,392,1
272,41,1
272,436,1
272,460,1
272,468,1
272,473,1
272,481,2
272,494,1
275,321,1
275,356,2
275,384,2
275,402,1
275,429,1
275,456,1
277,298,1
277,363,1
277,392,1
277,41,1
277,436,1
277,439,1
277,460,1
277,468,1
277,473,1
277,478,1
277,481,2
277,494,1
278,278,1
278,285,2
278,289,3
278,293,1
278,302,1
278,304,1
278,309,1
278,314,6
278,323,1
278,327,2
278,330,1
278,331,1
278,334,1
278,337,2
278,340,1
278,341,1
278,343,1
278,346,1
278,353,3
278,354,1
278,355,1
278,358,1
278,361,3
278,369,1
278,370,2
278,371,1
278,378,1
278,383,1
278,386,1
278,388,1
278,392,2
278,393,1
278,394,1
278,395,1
278,418,2
278,420,1
278,424,1
278,427,1
278,430,1
278,431,2
278,432,1
278,437,1
278,439,4
278,441,1
278,443,1
278,448,1
278,449,2
278,451,4
278,453,1
278,454,1
278,457,2
278,473,1
278,481,1
278,485,1
278,488,2
278,491,1
278,493,2
278,496,1
278,51,3
278,53,1
278,79,1
278,83,3
278,89,1
278,98,2
280,280,1
280,289,1
280,293,11
280,296,1
280,297,1
280,298,1
280,304,24
280,306,1
280,310,1
280,314,3
280,323,6
280,327,2
280,329,6
280,330,27
280,331,1
280,332,7
280,334,10
280,343,1
280,346,2
280,349,9
280,350,5
280,354,8
280,355,2
280,358,8
280,363,1
280,367,1
280,369,2
280,370,4
280,371,3
280,374,5
280,376,1
280,378,10
280,383,26
280,386,15
280,388,1
280,389,6
280,391,1
280,392,1
280,393,2
280,395,13
280,396,2
280,399,1
280,403,14
280,404,2
280,405,1
280,410,13
280,411,11
280,417,1
280,418,2
280,419,2
280,420,16
280,422,13
280,424,14
280,428,6
280,431,3
280,433,6
280,436,2
280,437,3
280,439,1
280,443,19
280,445,1
280,447,5
280,448,1
280,449,34
280,457,11
280,459,18
280,460,8
280,472,2
280,473,1
280,474,1
280,475,1
280,476,1
280,481,1
280,482,1
280,484,12
280,485,1
280,486,8
280,487,12
280,489,1
280,49,1
280,490,1
280,491,2
280,494,16
280,496,1
280,498,9
280,499,4
280,501,1
280,51,2
280,63,1
280,79,1
280,83,6
280,88,1
280,89,31
280,98,15
283,285,1
283,289,2
283,299,1
283,312,1
283,314,1
283,328,1
283,331,1
283,333,1
283,337,1
283,340,1
283,343,1
283,361,1
283,391,1
283,392,1
283,405,1
283,414,1
283,441,1
283,451,1
283,454,1
283,458,1
283,468,1
283,479,1
283,482,1
283,488,1
283,493,1
283,496,1
283,6,1
284,284,1
284,315,2
284,316,2
284,318,2
284,352,2
285,287,1
285,289,3
285,293,2
285,298,1
285,299,2
285,302,1
285,306,1
285,307,1
285,309,2
285,312,1
285,314,2
285,327,2
285,328,1
285,331,2
285,333,1
285,337,2
285,340,2
285,341,3
285,343,3
285,353,1
285,360,1
285,361,2
285,369,1
285,370,1
285,371,1
285,376,1
285,379,1
285,387,1
285,391,2
285,392,2
285,394,1
285,405,1
285,414,1
285,418,1
285,425,1
285,431,1
285,432,2
285,437,1
285,439,1
285,441,3
285,445,1
285,448,2
285,449,1
285,451,5
285,452,1
285,453,2
285,454,3
285,457,1
285,458,2
285,466,1
285,468,1
285,473,1
285,477,1
285,479,2
285,481,1
285,482,2
285,485,2
285,488,3
285,489,1
285,491,1
285,493,1
285,496,3
285,51,1
285,6,1
285,83,1
285,98,1
287,289,2
287,298,1
287,299,1
287,306,1
287,307,1
287,309,1
287,314,1
287,329,1
287,331,1
287,333,1
287,341,3
287,343,2
287,355,1
287,360,1
287,361,1
287,363,1
287,369,1
287,370,1
287,374,1
287,376,1
287,379,1
287,386,1
287,387,1
287,391,1
287,392,1
287,394,1
287,395,1
287,399,1
287,405,1
287,410,1
287,417,1
287,418,2
287,422,1
287,425,1
287,431,2
287,432,1
287,439,1
287,441,1
287,443,1
287,448,2
287,449,1
287,451,1
287,452,1
287,453,1
287,454,1
287,458,1
287,466,1
287,468,1
287,473,3
287,476,1
287,477,1
287,479,1
287,481,3
287,482,1
287,485,1
287,488,1
287,489,1
287,491,3
287,494,1
287,496,1
287,79,1
287,83,1
289,289,4
289,297,2
289,298,2
289,299,3
289,305,2
289,306,1
289,307,1
289,309,1
289,310,1
289,312,2
289,314,4
289,323,1
289,328,2
289,330,1
289,331,2
289,333,5
289,334,2
289,337,2
289,340,4
289,341,3
289,343,5
289,353,1
289,354,3
289,360,1
289,361,6
289,363,1
289,369,3
289,370,3
289,376,3
289,378,3
289,379,1
289,387,1
289,388,4
289,389,1
289,391,4
289,392,4
289,393,2
289,394,2
289,395,2
289,403,5
289,405,4
289,410,1
289,414,4
289,417,1
289,418,1
289,419,2
289,420,1
289,422,3
289,424,3
289,425,1
289,426,2
289,427,1
289,430,2
289,431,1
289,432,1
289,433,1
289,436,1
289,439,1
289,44,4
289,441,5
289,442,3
289,444,2
289,445,2
289,448,3
289,451,6
289,452,3
289,453,3
289,454,5
289,458,5
289,459,1
289,460,1
289,466,1
289,468,4
289,473,4
289,475,1
289,477,1
289,479,5
289,481,5
289,482,5
289,485,1
289,486,2
289,487,1
289,488,6
289,489,2
289,490,4
289,491,7
289,493,3
289,494,4
289,496,5
289,498,1
289,6,4
289,79,2
289,88,2
293,293,2
293,296,3
293,304,25
293,314,10
293,323,8
293,327,5
293,329,8
293,330,18
293,331,1
293,332,4
293,333,1
293,334,18
293,337,4
293,343,1
293,346,3
293,349,10
293,350,8
293,354,9
293,355,5
293,358,16
293,360,1
293,361,1
293,363,1
293,367,3
293,369,5
293,370,7
293,371,11
293,374,7
293,378,9
293,383,25
293,386,22
293,389,2
293,392,3
293,393,2
293,395,16
293,396,3
293,399,1
293,403,11
293,405,2
293,410,11
293,411,16
293,418,13
293,419,1
293,420,13
293,422,12
293,424,23
293,426,3
293,428,6
293,431,3
293,433,4
293,437,3
293,439,7
293,443,21
293,444,1
293,445,2
293,446,2
293,447,4
293,449,39
293,451,1
293,457,11
293,459,12
293,460,3
293,467,1
293,472,2
293,473,1
293,474,3
293,476,3
293,482,3
293,484,17
293,486,7
293,487,15
293,490,1
293,491,2
293,493,1
293,494,14
293,498,11
293,499,6
293,501,4
293,51,7
293,53,1
293,63,1
293,83,7
293,88,1
293,89,25
293,98,24
296,304,2
296,330,2
296,332,1
296,371,1
296,378,1
296,383,1
296,389,1
296,424,1
296,426,1
296,443,2
296,447,1
296,449,3
296,457,1
296,459,2
296,460,1
296,484,1
296,486,1
296,487,2
296,494,1
296,498,2
296,499,1
296,501,1
296,51,1
296,89,2
297,297,1
297,304,1
297,306,1
297,310,1
297,314,2
297,330,1
297,331,3
297,333,2
297,334,3
297,340,1
297,343,1
297,349,2
297,350,2
297,358,1
297,361,2
297,363,1
297,370,1
297,374,2
297,376,2
297,378,1
297,383,4
297,386,1
297,388,2
297,390,2
297,392,8
297,393,3
297,399,2
297,403,3
297,404,2
297,405,1
297,410,1
297,411,1
297,414,1
297,417,2
297,418,1
297,419,2
297,422,1
297,424,2
297,428,1
297,431,2
297,436,3
297,44,1
297,441,1
297,442,1
297,444,1
297,445,1
297,447,1
297,448,2
297,449,1
297,451,1
297,452,1
297,453,1
297,454,1
297,457,2
297,458,1
297,459,1
297,468,2
297,474,1
297,475,2
297,479,1
297,481,1
297,482,1
297,485,1
297,487,1
297,488,1
297,490,2
297,491,1
297,493,1
297,494,2
297,496,1
297,499,1
297,501,1
297,65,1
297,79,1
297,83,1
297,89,1
297,98,1
298,298,2
298,299,5
298,306,1
298,307,2
298,309,1
298,310,1
298,323,1
298,330,1
298,331,2
298,340,1
298,341,2
298,343,5
298,360,1
298,369,1
298,371,1
298,376,2
298,378,1
298,379,1
298,387,1
298,388,1
298,389,1
298,391,2
298,392,1
298,393,1
298,394,1
298,395,1
298,403,6
298,41,1
298,410,2
298,417,1
298,420,1
298,422,2
298,424,1
298,425,2
298,428,1
298,431,1
298,432,1
298,433,2
298,436,6
298,44,2
298,441,1
298,444,1
298,448,1
298,449,1
298,451,6
298,452,3
298,453,2
298,454,1
298,458,2
298,459,1
298,460,2
298,466,2
298,468,6
298,473,7
298,475,3
298,477,2
298,479,4
298,481,10
298,482,1
298,485,3
298,486,1
298,487,2
298,488,1
298,489,3
298,490,3
298,491,5
298,494,5
298,496,2
298,498,1
298,79,2
299,299,3
299,306,1
299,307,1
299,309,1
299,312,1
299,314,2
299,327,1
299,328,1
299,331,3
299,333,1
299,337,1
299,340,1
299,341,3
299,343,5
299,360,1
299,361,2
299,370,2
299,376,1
299,379,2
299,387,1
299,391,2
299,392,1
299,394,1
299,405,1
299,414,1
299,415,1
299,418,1
299,420,1
299,425,1
299,431,2
299,432,1
299,436,1
299,439,1
299,44,1
299,441,2
299,448,1
299,451,5
299,452,1
299,453,1
299,454,2
299,458,2
299,466,1
299,468,2
299,473,4
299,475,1
299,477,1
299,479,5
299,481,6
299,482,2
299,485,1
299,488,2
299,489,1
299,490,1
299,491,2
299,493,1
299,496,2
299,51,1
299,6,1
299,65,1
299,98,1
301,317,1
301,384,3
301,400,1
301,402,1
301,421,1
302,302,1
302,309,1
302,314,2
302,327,3
302,337,3
302,340,1
302,341,1
302,343,1
302,353,3
302,361,1
302,432,3
302,439,3
302,441,1
302,448,1
302,451,4
302,454,1
302,461,2
302,467,2
302,488,1
302,496,1
302,51,3
302,65,2
304,304,2
304,306,1
304,314,11
304,323,17
304,327,3
304,329,11
304,330,37
304,331,3
304,332,10
304,333,1
304,334,33
304,337,3
304,343,1
304,346,4
304,349,25
304,350,16
304,354,16
304,355,5
304,358,22
304,360,1
304,361,1
304,363,2
304,367,3
304,369,2
304,370,6
304,371,10
304,374,11
304,376,2
304,378,19
304,383,45
304,386,36
304,389,5
304,392,4
304,393,3
304,395,29
304,396,5
304,399,2
304,403,22
304,404,1
304,405,2
304,410,20
304,411,29
304,414,1
304,415,1
304,418,14
304,419,2
304,420,23
304,422,27
304,424,37
304,426,4
304,428,11
304,431,4
304,433,10
304,436,1
304,437,4
304,439,8
304,443,38
304,444,1
304,445,2
304,446,2
304,447,9
304,448,1
304,449,74
304,451,1
304,452,1
304,457,30
304,459,22
304,460,7
304,461,2
304,467,1
304,468,1
304,472,2
304,473,1
304,474,3
304,476,4
304,478,2
304,481,1
304,482,3
304,484,32
304,485,2
304,486,11
304,487,28
304,49,1
304,490,2
304,491,2
304,493,1
304,494,27
304,496,1
304,498,19
304,499,18
304,501,10
304,51,6
304,53,1
304,6,1
304,63,1
304,65,2
304,83,15
304,88,1
304,89,48
304,98,32
305,314,1
305,334,1
305,353,1
305,354,1
305,369,2
305,378,1
305,388,2
305,393,2
305,395,1
305,403,2
305,405,1
305,418,1
305,419,1
305,420,1
305,422,1
305,424,3
305,425,1
305,426,2
305,427,1
305,430,2
305,44,1
305,441,1
305,448,1
305,466,1
305,473,1
305,481,1
305,482,1
305,489,1
305,490,1
305,491,3
305,494,2
305,496,1
305,6,3
305,65,1
305,88,1
306,307,1
306,309,1
306,314,1
306,327,2
306,330,1
306,331,1
306,333,1
306,334,1
306,337,1
306,341,2
306,343,1
306,349,1
306,350,2
306,354,1
306,358,1
306,360,1
306,363,1
306,370,1
306,374,1
306,376,2
306,379,1
306,383,2
306,386,1
306,387,1
306,391,1
306,394,1
306,403,1
306,404,2
306,410,2
306,411,1
306,419,1
306,420,1
306,422,1
306,424,1
306,425,1
306,432,1
306,437,1
306,441,1
306,443,1
306,446,1
306,447,2
306,448,2
306,449,1
306,451,1
306,452,1
306,453,1
306,454,1
306,457,1
306,458,1
306,466,1
306,467,1
306,472,1
306,473,1
306,476,1
306,477,1
306,479,1
306,481,1
306,482,1
306,485,3
306,487,1
306,488,1
306,489,1
306,490,1
306,491,1
306,496,1
306,499,1
306,501,1
306,89,1
306,98,2
307,307,1
307,309,1
307,341,2
307,343,1
307,360,3
307,376,1
307,379,1
307,387,1
307,391,1
307,394,1
307,425,2
307,432,1
307,433,1
307,436,1
307,441,1
307,444,1
307,448,1
307,451,1
307,452,2
307,453,1
307,454,1
307,458,1
307,466,2
307,468,1
307,473,2
307,477,2
307,479,1
307,481,2
307,482,1
307,485,2
307,488,1
307,489,2
307,491,1
307,496,1
309,327,1
309,337,1
309,340,1
309,341,3
309,343,2
309,353,1
309,360,1
309,361,1
309,376,1
309,379,1
309,387,1
309,391,1
309,394,1
309,425,1
309,432,2
309,439,1
309,441,2
309,448,2
309,451,3
309,452,1
309,453,1
309,454,2
309,458,1
309,466,1
309,473,1
309,477,1
309,479,1
309,481,1
309,482,1
309,485,1
309,488,2
309,489,1
309,491,1
309,496,2
309,51,1
310,323,1
310,330,1
310,331,1
310,369,1
310,378,1
310,383,1
310,388,2
310,389,1
310,390,2
310,391,1
310,392,1
310,393,1
310,399,1
310,403,1
310,410,1
310,417,1
310,420,1
310,422,1
310,424,1
310,431,1
310,433,1
310,436,2
310,459,1
310,460,1
310,475,1
310,481,1
310,486,1
310,487,1
310,489,1
310,491,1
310,494,2
310,498,1
310,65,1
310,79,1
312,314,1
312,328,3
312,331,1
312,333,4
312,337,1
312,340,1
312,341,2
312,343,1
312,361,2
312,391,1
312,392,1
312,405,1
312,414,2
312,441,4
312,451,1
312,454,1
312,458,2
312,468,1
312,479,1
312,482,1
312,487,1
312,488,1
312,493,1
312,496,1
312,6,1
312,65,1
312,89,1
314,314,4
314,323,5
314,327,6
314,328,1
314,329,3
314,330,6
314,331,6
314,332,2
314,333,4
314,334,18
314,337,6
314,340,1
314,341,2
314,343,2
314,346,6
314,348,4
314,349,10
314,350,7
314,353,3
314,354,8
314,355,6
314,358,12
314,360,1
314,361,6
314,363,4
314,367,1
314,369,11
314,370,16
314,371,6
314,374,12
314,376,2
314,378,10
314,379,1
314,383,21
314,386,15
314,388,1
314,389,1
314,390,1
314,391,1
314,392,14
314,393,7
314,395,11
314,396,2
314,399,2
314,403,9
314,404,2
314,405,3
314,410,6
314,411,12
314,414,1
314,415,1
314,417,1
314,418,35
314,419,3
314,420,12
314,422,11
314,424,22
314,426,1
314,428,4
314,430,4
314,431,14
314,432,1
314,433,2
314,437,5
314,439,11
314,441,1
314,443,8
314,444,1
314,445,1
314,446,3
314,447,2
314,448,1
314,449,22
314,451,4
314,453,1
314,454,1
314,457,10
314,458,1
314,459,5
314,461,1
314,467,2
314,468,2
314,472,2
314,473,1
314,474,3
314,475,1
314,476,7
314,478,1
314,479,1
314,481,1
314,482,4
314,484,9
314,485,3
314,486,3
314,487,6
314,488,1
314,49,1
314,490,2
314,491,2
314,493,3
314,494,5
314,496,1
314,498,2
314,499,4
314,501,3
314,502,5
314,51,15
314,53,3
314,6,1
314,63,1
314,65,4
314,83,26
314,88,1
314,89,12
314,98,17
315,316,1
315,318,1
315,345,2
315,352,2
315,380,1
315,402,1
315,406,1
315,429,1
315,456,1
316,317,1
316,318,1
316,335,1
316,352,1
316,406,1
317,319,1
317,335,1
317,345,3
317,356,2
317,384,2
317,402,2
317,406,3
317,421,1
317,429,1
317,438,1
318,352,1
319,335,1
319,345,2
319,352,1
319,356,2
319,364,1
319,380,2
319,402,1
319,416,2
319,421,1
319,438,2
319,66,1
321,384,2
321,402,1
321,429,1
321,456,1
323,327,2
323,329,2
323,330,13
323,331,2
323,332,6
323,334,10
323,337,1
323,343,1
323,346,4
323,349,8
323,350,7
323,354,2
323,355,1
323,358,6
323,361,1
323,367,1
323,369,1
323,370,1
323,371,2
323,374,3
323,378,8
323,383,17
323,386,11
323,388,1
323,389,1
323,391,1
323,392,2
323,393,1
323,395,10
323,403,7
323,410,7
323,411,10
323,414,1
323,417,1
323,418,5
323,419,1
323,420,8
323,422,9
323,424,12
323,426,1
323,428,9
323,431,3
323,433,3
323,436,1
323,437,1
323,439,4
323,443,14
323,447,2
323,449,28
323,452,1
323,457,13
323,459,7
323,460,3
323,461,1
323,468,1
323,472,1
323,473,1
323,475,1
323,476,2
323,478,1
323,481,1
323,482,1
323,484,9
323,486,5
323,487,12
323,489,1
323,491,2
323,493,1
323,494,10
323,498,6
323,499,7
323,501,6
323,51,2
323,53,1
323,6,1
323,65,1
323,79,2
323,83,6
323,88,1
323,89,17
323,98,11
327,327,6
327,330,1
327,331,1
327,332,2
327,333,2
327,334,4
327,337,5
327,340,1
327,341,2
327,343,1
327,346,1
327,349,2
327,350,2
327,353,2
327,354,4
327,355,1
327,358,2
327,361,3
327,370,4
327,371,7
327,374,4
327,378,2
327,379,1
327,383,8
327,386,7
327,393,1
327,395,5
327,396,1
327,403,7
327,404,2
327,405,1
327,410,3
327,411,3
327,415,1
327,418,1
327,419,1
327,420,6
327,422,4
327,424,4
327,428,1
327,431,2
327,432,2
327,433,2
327,437,8
327,439,4
327,441,1
327,443,4
327,445,1
327,446,2
327,447,2
327,448,1
327,449,5
327,451,3
327,454,1
327,457,2
327,459,1
327,461,1
327,467,3
327,472,3
327,474,1
327,476,2
327,482,1
327,484,1
327,485,2
327,488,1
327,493,1
327,496,1
327,501,2
327,51,6
327,63,1
327,65,2
327,83,3
327,88,1
327,89,6
327,98,17
328,328,1
328,331,1
328,333,5
328,337,1
328,340,1
328,341,3
328,343,1
328,360,2
328,361,2
328,391,1
328,392,1
328,405,1
328,414,3
328,441,6
328,451,1
328,454,1
328,458,2
328,468,1
328,479,1
328,482,1
328,487,1
328,488,1
328,493,1
328,496,1
328,6,1
328,65,1
328,89,1
329,330,9
329,331,2
329,333,1
329,334,26
329,337,1
329,346,14
329,349,25
329,350,10
329,354,11
329,355,4
329,358,15
329,363,1
329,367,6
329,369,1
329,370,4
329,371,6
329,374,5
329,376,1
329,378,3
329,383,27
329,386,28
329,389,3
329,392,4
329,395,24
329,396,3
329,399,3
329,403,22
329,405,1
329,410,14
329,411,20
329,417,1
329,418,5
329,420,8
329,422,20
329,424,29
329,427,1
329,428,1
329,431,3
329,433,5
329,437,3
329,439,4
329,443,9
329,444,1
329,445,2
329,446,1
329,447,3
329,448,1
329,449,16
329,451,1
329,457,6
329,459,6
329,460,2
329,473,1
329,476,1
329,478,1
329,481,1
329,482,1
329,484,9
329,485,1
329,486,1
329,487,9
329,491,1
329,494,6
329,496,1
329,498,6
329,499,2
329,501,2
329,51,1
329,79,1
329,83,5
329,89,10
329,98,27
330,331,2
330,332,5
330,334,24
330,337,2
330,343,1
330,346,5
330,349,19
330,350,13
330,354,12
330,355,4
330,358,16
330,360,1
330,361,1
330,363,1
330,367,2
330,369,2
330,370,6
330,371,5
330,374,5
330,376,2
330,378,15
330,383,45
330,386,34
330,388,1
330,389,6
330,391,1
330,392,6
330,393,4
330,395,28
330,396,6
330,399,1
330,403,23
330,404,1
330,405,2
330,410,25
330,411,24
330,417,1
330,418,8
330,419,2
330,420,19
330,422,24
330,424,29
330,426,3
330,428,11
330,431,5
330,433,7
330,436,3
330,437,3
330,439,3
330,443,26
330,445,2
330,447,6
330,448,1
330,449,61
330,457,18
330,459,22
330,460,8
330,472,3
330,473,1
330,474,2
330,475,1
330,476,1
330,478,1
330,481,3
330,482,3
330,484,22
330,485,2
330,486,9
330,487,21
330,489,1
330,49,1
330,490,2
330,491,2
330,493,1
330,494,30
330,498,15
330,499,11
330,501,6
330,502,1
330,51,3
330,53,1
330,79,2
330,83,6
330,88,1
330,89,38
330,98,31
331,331,1
331,333,5
331,334,4
331,337,1
331,340,4
331,341,1
331,343,2
331,349,4
331,350,3
331,354,2
331,355,3
331,358,3
331,361,2
331,363,3
331,369,2
331,370,4
331,371,1
331,374,5
331,376,1
331,378,2
331,379,1
331,383,9
331,386,4
331,391,1
331,392,9
331,393,1
331,395,2
331,399,4
331,403,3
331,404,2
331,405,2
331,410,3
331,411,3
331,414,4
331,415,1
331,417,2
331,418,8
331,419,4
331,420,3
331,422,4
331,424,5
331,428,2
331,431,4
331,433,1
331,436,2
331,437,3
331,439,6
331,44,1
331,441,1
331,443,3
331,444,1
331,445,2
331,446,1
331,447,2
331,448,2
331,449,6
331,451,4
331,452,1
331,453,1
331,454,1
331,457,4
331,458,1
331,459,5
331,461,2
331,468,4
331,471,2
331,473,2
331,475,2
331,476,1
331,478,2
331,479,4
331,481,3
331,482,2
331,484,2
331,485,2
331,487,2
331,488,1
331,490,2
331,491,2
331,493,1
331,494,4
331,496,1
331,499,2
331,501,2
331,51,1
331,6,2
331,65,3
331,79,2
331,83,5
331,89,2
331,98,3
332,332,4
332,334,4
332,346,1
332,349,5
332,350,3
332,355,3
332,358,1
332,367,2
332,371,1
332,378,6
332,383,7
332,386,5
332,389,1
332,395,5
332,403,4
332,410,1
332,411,4
332,415,1
332,418,2
332,420,1
332,422,8
332,424,4
332,428,1
332,437,2
332,439,1
332,443,8
332,447,1
332,449,15
332,457,5
332,459,3
332,460,2
332,461,1
332,476,2
332,484,6
332,486,6
332,487,6
332,494,4
332,498,4
332,499,3
332,501,1
332,51,2
332,65,1
332,83,1
332,89,15
332,98,8
333,333,4
333,334,2
333,337,2
333,340,4
333,341,5
333,343,2
333,349,1
333,354,2
333,355,1
333,358,1
333,361,7
333,363,4
333,370,1
333,371,1
333,374,2
333,376,1
333,378,3
333,383,4
333,386,1
333,391,1
333,392,4
333,393,2
333,399,2
333,403,4
333,404,2
333,405,2
333,410,1
333,411,1
333,414,9
333,417,1
333,418,3
333,419,1
333,420,2
333,422,1
333,424,1
333,428,1
333,431,1
333,437,2
333,439,4
333,44,1
333,441,8
333,442,1
333,443,2
333,444,2
333,445,3
333,446,2
333,447,1
333,448,1
333,449,1
333,451,3
333,452,1
333,453,1
333,454,2
333,457,1
333,458,3
333,459,2
333,467,1
333,468,3
333,471,2
333,472,1
333,475,1
333,476,1
333,479,2
333,481,1
333,482,3
333,485,1
333,487,2
333,488,2
333,490,1
333,491,2
333,493,1
333,494,1
333,496,2
333,6,1
333,65,3
333,83,2
333,89,2
333,98,2
334,334,9
334,337,2
334,340,1
334,343,1
334,346,25
334,349,80
334,350,31
334,353,1
334,354,33
334,355,5
334,358,32
334,360,1
334,361,1
334,363,1
334,367,13
334,369,4
334,370,7
334,371,9
334,374,9
334,376,3
334,378,18
334,383,73
334,386,69
334,388,2
334,389,5
334,392,6
334,393,8
334,395,53
334,396,9
334,399,2
334,403,78
334,404,2
334,405,3
334,410,40
334,411,50
334,414,2
334,415,1
334,417,2
334,418,20
334,419,2
334,420,14
334,422,50
334,424,81
334,426,4
334,427,1
334,428,9
334,430,1
334,431,5
334,433,23
334,437,5
334,439,4
334,44,1
334,441,1
334,442,1
334,443,17
334,444,1
334,445,3
334,447,4
334,448,2
334,449,56
334,451,1
334,452,2
334,453,1
334,454,1
334,457,22
334,458,1
334,459,11
334,460,3
334,461,2
334,468,3
334,471,2
334,472,2
334,474,2
334,475,1
334,476,6
334,478,2
334,479,1
334,481,1
334,482,3
334,484,29
334,485,2
334,486,3
334,487,20
334,488,1
334,49,1
334,490,3
334,491,1
334,494,26
334,496,2
334,498,7
334,499,14
334,501,9
334,502,1
334,51,4
334,53,3
334,6,1
334,65,4
334,83,17
334,89,30
334,98,61
335,352,1
335,380,1
335,406,1
335,416,1
335,421,1
335,438,1
335,66,1
337,340,2
337,341,1
337,343,2
337,346,1
337,349,3
337,353,2
337,354,2
337,355,2
337,358,2
337,361,3
337,369,3
337,370,5
337,371,1
337,374,1
337,376,1
337,378,3
337,383,4
337,386,2
337,391,1
337,392,2
337,395,3
337,403,1
337,404,1
337,405,1
337,410,1
337,411,2
337,414,1
337,418,4
337,420,2
337,422,2
337,424,4
337,426,1
337,431,1
337,432,2
337,433,1
337,437,1
337,439,6
337,441,2
337,443,4
337,445,1
337,446,2
337,447,2
337,448,1
337,449,4
337,451,4
337,454,2
337,457,2
337,458,1
337,461,1
337,467,3
337,468,1
337,472,1
337,474,1
337,476,1
337,478,1
337,479,1
337,482,1
337,484,2
337,485,2
337,486,1
337,487,1
337,488,2
337,493,2
337,494,1
337,496,2
337,498,1
337,51,5
337,6,1
337,65,1
337,83,4
337,89,3
337,98,4
340,341,1
340,343,4
340,353,1
340,361,3
340,376,2
340,383,1
340,391,1
340,392,3
340,393,1
340,403,1
340,405,2
340,414,3
340,418,1
340,419,1
340,432,1
340,439,2
340,44,1
340,441,3
340,442,1
340,444,1
340,445,2
340,448,2
340,451,6
340,452,2
340,453,2
340,454,3
340,458,4
340,468,2
340,471,1
340,477,1
340,478,1
340,479,4
340,482,2
340,485,1
340,488,3
340,489,1
340,490,1
340,491,1
340,493,1
340,496,4
340,51,1
340,6,2
340,65,1
341,341,1
341,343,3
341,353,1
341,355,1
341,360,2
341,361,4
341,363,2
341,370,3
341,376,3
341,378,1
341,379,4
341,387,2
341,391,3
341,392,1
341,394,2
341,396,1
341,414,2
341,415,1
341,418,2
341,419,1
341,420,1
341,425,3
341,427,1
341,432,3
341,439,2
341,441,8
341,444,1
341,448,3
341,451,4
341,452,2
341,453,5
341,454,3
341,458,3
341,466,2
341,471,1
341,473,2
341,477,2
341,478,1
341,479,2
341,481,2
341,482,2
341,485,3
341,487,1
341,488,3
341,489,2
341,491,2
341,496,4
341,498,1
341,501,1
341,502,1
341,51,2
341,65,3
341,89,1
341,98,1
343,343,2
343,349,3
343,353,1
343,355,3
343,358,1
343,360,1
343,361,3
343,367,2
343,371,1
343,374,1
343,376,5
343,379,1
343,383,2
343,386,1
343,387,1
343,391,2
343,392,2
343,393,1
343,394,1
343,403,1
343,405,2
343,414,2
343,418,1
343,420,1
343,425,4
343,428,1
343,432,2
343,436,1
343,437,1
343,439,4
343,44,2
343,441,4
343,442,1
343,443,1
343,444,6
343,445,1
343,448,3
343,449,3
343,451,10
343,452,6
343,453,7
343,454,4
343,457,1
343,458,4
343,459,1
343,466,1
343,468,4
343,473,5
343,475,1
343,476,1
343,477,1
343,478,1
343,479,5
343,481,4
343,482,3
343,484,1
343,485,5
343,486,1
343,488,4
343,489,1
343,490,2
343,491,8
343,493,1
343,496,5
343,498,1
343,51,3
343,6,1
343,79,1
343,89,1
345,345,2
345,352,2
345,356,2
345,380,2
345,384,1
345,400,1
345,402,3
345,406,4
345,429,3
345,438,1
345,456,2
346,346,10
346,348,1
346,349,28
346,350,14
346,354,9
346,355,6
346,358,8
346,361,1
346,367,9
346,369,2
346,370,5
346,371,4
346,374,2
346,378,3
346,383,21
346,386,15
346,389,1
346,392,1
346,393,1
346,395,12
346,396,3
346,403,16
346,404,1
346,410,8
346,411,13
346,418,6
346,420,2
346,422,15
346,424,24
346,427,1
346,428,1
346,430,1
346,431,4
346,433,8
346,437,2
346,439,1
346,443,3
346,447,2
346,449,12
346,457,3
346,460,1
346,472,1
346,476,1
346,484,2
346,487,3
346,493,1
346,494,4
346,496,1
346,498,1
346,499,1
346,501,1
346,502,2
346,51,1
346,53,1
346,83,13
346,89,6
346,98,19
348,369,1
348,370,3
348,378,1
348,383,2
348,392,2
348,418,5
348,431,3
348,437,1
348,446,1
348,449,2
348,476,2
348,493,1
348,502,3
348,51,1
348,83,3
349,349,23
349,350,29
349,354,32
349,355,12
349,358,30
349,360,1
349,363,1
349,367,20
349,369,3
349,370,8
349,371,10
349,374,8
349,376,2
349,378,11
349,383,91
349,386,71
349,388,1
349,389,3
349,392,4
349,393,3
349,395,75
349,396,18
349,399,2
349,403,80
349,404,3
349,405,1
349,410,45
349,411,54
349,414,1
349,415,2
349,417,1
349,418,15
349,419,2
349,420,11
349,422,55
349,424,81
349,426,4
349,427,1
349,428,7
349,431,3
349,433,37
349,437,5
349,439,4
349,443,11
349,445,2
349,447,4
349,448,1
349,449,40
349,451,2
349,452,3
349,457,15
349,459,7
349,460,2
349,461,3
349,468,2
349,472,2
349,473,1
349,474,1
349,475,1
349,476,7
349,478,2
349,481,1
349,482,1
349,484,14
349,485,2
349,486,2
349,487,10
349,490,2
349,491,1
349,494,15
349,496,1
349,498,5
349,499,5
349,501,6
349,502,1
349,51,2
349,53,1
349,6,1
349,65,4
349,83,12
349,89,19
349,98,62
350,350,2
350,354,17
350,355,2
350,358,16
350,360,1
350,363,2
350,367,9
350,369,2
350,370,5
350,371,2
350,374,6
350,376,2
350,378,7
350,383,33
350,386,33
350,392,1
350,393,1
350,395,19
350,396,2
350,403,19
350,404,2
350,405,1
350,410,19
350,411,24
350,414,1
350,418,5
350,419,2
350,420,4
350,422,23
350,424,30
350,426,3
350,428,4
350,431,2
350,433,3
350,437,1
350,439,1
350,443,8
350,447,6
350,448,2
350,449,30
350,452,1
350,457,11
350,459,4
350,460,2
350,461,1
350,468,1
350,472,1
350,474,1
350,476,1
350,478,1
350,482,1
350,484,12
350,485,2
350,486,3
350,487,13
350,49,1
350,490,3
350,494,9
350,496,2
350,498,1
350,499,12
350,501,10
350,502,1
350,6,1
350,65,1
350,83,6
350,89,14
350,98,28
352,380,2
352,402,1
352,406,1
352,416,1
352,421,1
352,429,1
352,438,1
352,456,1
352,66,1
353,361,1
353,388,1
353,393,2
353,403,1
353,418,1
353,420,1
353,432,2
353,439,2
353,441,1
353,448,1
353,451,3
353,454,1
353,461,1
353,467,1
353,488,1
353,494,1
353,496,1
353,51,2
353,65,2
354,354,5
354,355,9
354,358,25
354,363,1
354,367,10
354,369,4
354,370,2
354,371,4
354,374,5
354,378,9
354,383,48
354,386,45
354,388,1
354,389,2
354,392,2
354,393,2
354,395,34
354,396,7
354,399,2
354,403,34
354,404,1
354,405,1
354,410,33
354,411,31
354,418,6
354,419,2
354,420,7
354,422,33
354,424,55
354,426,7
354,428,6
354,430,2
354,431,1
354,433,20
354,437,4
354,439,4
354,44,1
354,442,1
354,443,10
354,444,1
354,445,1
354,446,3
354,447,2
354,449,31
354,451,1
354,457,13
354,459,6
354,460,3
354,467,2
354,472,2
354,473,1
354,474,2
354,476,2
354,481,1
354,482,2
354,484,12
354,485,1
354,486,5
354,487,7
354,49,1
354,490,1
354,491,2
354,494,9
354,496,1
354,498,4
354,499,6
354,501,5
354,502,1
354,51,4
354,53,1
354,6,1
354,63,1
354,83,7
354,88,2
354,89,15
354,98,37
355,358,8
355,361,1
355,363,2
355,367,4
355,369,2
355,370,1
355,371,2
355,374,5
355,376,2
355,378,3
355,379,1
355,383,18
355,386,14
355,391,1
355,392,3
355,395,14
355,396,6
355,399,2
355,403,12
355,405,1
355,410,8
355,411,8
355,417,1
355,418,5
355,419,1
355,420,2
355,422,14
355,424,22
355,425,2
355,427,1
355,428,1
355,431,4
355,433,10
355,437,4
355,439,6
355,443,4
355,444,3
355,446,2
355,448,1
355,449,9
355,451,2
355,452,2
355,453,4
355,457,4
355,459,2
355,467,1
355,471,1
355,473,1
355,474,1
355,476,1
355,478,1
355,481,1
355,482,1
355,484,1
355,485,1
355,486,1
355,487,1
355,491,2
355,493,1
355,494,3
355,496,1
355,498,2
355,501,1
355,502,1
355,51,2
355,65,2
355,79,1
355,83,4
355,89,4
355,98,9
356,356,1
356,364,1
356,380,1
356,384,1
356,402,1
356,416,1
356,438,2
358,358,1
358,360,1
358,361,1
358,363,2
358,367,5
358,369,3
358,370,4
358,371,9
358,374,9
358,376,1
358,378,5
358,383,41
358,386,43
358,389,3
358,392,4
358,393,1
358,395,32
358,396,7
358,399,1
358,403,32
358,404,1
358,405,1
358,410,27
358,411,34
358,414,1
358,418,11
358,419,1
358,420,15
358,422,30
358,424,45
358,426,2
358,428,5
358,430,1
358,431,2
358,433,13
358,437,3
358,439,6
358,443,15
358,444,1
358,446,2
358,447,2
358,448,1
358,449,34
358,451,1
358,452,1
358,457,14
358,459,9
358,460,2
358,461,1
358,467,1
358,468,1
358,472,1
358,473,1
358,474,2
358,476,2
358,478,1
358,482,2
358,484,13
358,485,1
358,486,5
358,487,11
358,490,2
358,491,2
358,493,1
358,494,9
358,498,7
358,499,8
358,501,7
358,502,1
358,51,4
358,6,1
358,65,1
358,83,7
358,89,20
358,98,38
360,369,1
360,370,1
360,371,1
360,374,1
360,376,1
360,379,1
360,383,1
360,386,1
360,387,1
360,391,1
360,392,1
360,393,1
360,394,1
360,395,1
360,396,1
360,405,1
360,410,1
360,411,1
360,418,1
360,420,2
360,424,1
360,425,1
360,431,1
360,432,1
360,441,1
360,448,1
360,449,1
360,451,1
360,452,1
360,453,1
360,454,1
360,458,1
360,459,1
360,466,1
360,472,1
360,473,1
360,474,1
360,477,1
360,479,1
360,481,1
360,482,2
360,484,1
360,485,1
360,487,1
360,488,1
360,489,1
360,490,1
360,491,1
360,494,1
360,496,1
360,499,1
360,89,1
360,98,1
361,361,3
361,363,7
361,370,7
361,371,1
361,376,1
361,378,3
361,379,1
361,383,1
361,386,1
361,388,1
361,390,4
361,391,1
361,392,3
361,393,2
361,394,1
361,395,1
361,403,1
361,405,2
361,414,3
361,415,1
361,418,6
361,420,2
361,424,1
361,427,1
361,431,1
361,432,1
361,436,1
361,439,4
361,44,1
361,441,4
361,442,1
361,443,1
361,444,1
361,445,1
361,448,2
361,449,1
361,451,5
361,452,1
361,453,1
361,454,3
361,457,1
361,458,2
361,468,2
361,473,1
361,474,1
361,475,1
361,479,2
361,481,1
361,482,2
361,487,1
361,488,4
361,490,1
361,491,2
361,493,4
361,496,3
361,51,7
361,6,1
361,65,2
361,79,2
361,83,2
361,89,2
361,98,2
363,363,1
363,370,5
363,371,1
363,374,2
363,376,2
363,378,2
363,379,1
363,383,2
363,386,2
363,390,1
363,391,1
363,392,5
363,396,1
363,399,1
363,403,1
363,404,1
363,410,1
363,411,2
363,414,1
363,418,7
363,419,4
363,420,1
363,422,2
363,424,1
363,425,1
363,427,1
363,431,1
363,437,1
363,439,3
363,443,1
363,444,2
363,445,1
363,446,1
363,447,1
363,448,1
363,449,2
363,451,1
363,453,3
363,457,1
363,459,1
363,461,1
363,471,2
363,478,3
363,482,1
363,484,1
363,485,2
363,487,1
363,490,1
363,491,1
363,496,1
363,498,1
363,499,1
363,501,2
363,502,1
363,51,1
363,65,1
363,83,2
363,89,1
363,98,2
364,380,1
364,382,2
364,402,2
364,416,2
364,438,2
367,367,1
367,371,1
367,376,1
367,378,1
367,383,17
367,386,12
367,395,18
367,396,1
367,403,12
367,410,10
367,411,10
367,418,1
367,422,14
367,424,17
367,425,1
367,433,3
367,443,3
367,444,1
367,449,8
367,452,1
367,453,1
367,457,2
367,459,1
367,484,3
367,486,1
367,487,3
367,491,1
367,494,3
367,499,3
367,501,1
367,83,2
367,89,3
367,98,13
369,369,1
369,370,8
369,371,1
369,374,3
369,378,5
369,383,5
369,386,3
369,388,2
369,389,2
369,391,1
369,392,6
369,393,2
369,395,5
369,396,2
369,399,1
369,403,5
369,404,1
369,405,2
369,410,4
369,411,2
369,417,2
369,418,13
369,419,1
369,420,5
369,422,5
369,424,16
369,426,6
369,430,4
369,431,9
369,433,2
369,436,1
369,437,3
369,439,2
369,44,1
369,443,2
369,446,2
369,448,1
369,449,5
369,451,1
369,453,1
369,457,2
369,459,2
369,460,1
369,467,1
369,472,2
369,473,2
369,474,2
369,475,1
369,476,4
369,481,3
369,482,1
369,484,2
369,485,1
369,486,2
369,487,2
369,489,1
369,490,2
369,491,2
369,493,1
369,494,7
369,498,1
369,499,1
369,51,4
369,53,1
369,6,2
369,79,2
369,83,9
369,88,1
369,89,4
369,98,4
370,370,3
370,371,3
370,374,5
370,376,2
370,378,9
370,379,2
370,383,10
370,386,6
370,389,1
370,392,9
370,393,3
370,395,4
370,396,3
370,403,4
370,404,1
370,405,3
370,410,4
370,411,6
370,415,2
370,418,20
370,419,2
370,420,12
370,422,4
370,424,9
370,428,1
370,431,8
370,433,1
370,437,3
370,439,6
370,443,2
370,445,1
370,446,1
370,447,3
370,448,1
370,449,9
370,451,1
370,453,1
370,457,5
370,459,3
370,472,3
370,474,3
370,476,2
370,478,1
370,482,3
370,484,5
370,485,3
370,487,4
370,490,2
370,493,2
370,494,4
370,496,1
370,498,1
370,499,2
370,501,1
370,502,2
370,51,7
370,63,1
370,65,2
370,83,15
370,88,1
370,89,7
370,98,12
371,374,6
371,378,2
371,383,11
371,386,13
371,389,1
371,392,3
371,393,2
371,395,12
371,396,2
371,399,1
371,403,6
371,405,2
371,410,5
371,411,6
371,415,1
371,418,4
371,419,1
371,420,9
371,422,5
371,424,8
371,426,2
371,428,3
371,431,3
371,433,2
371,436,1
371,437,3
371,439,4
371,443,6
371,444,1
371,445,1
371,446,1
371,447,1
371,449,11
371,451,1
371,457,4
371,459,6
371,461,1
371,468,2
371,472,2
371,473,2
371,474,2
371,476,2
371,481,1
371,482,3
371,484,6
371,486,2
371,487,4
371,490,2
371,491,3
371,493,1
371,494,2
371,498,3
371,499,2
371,501,1
371,51,2
371,63,1
371,65,1
371,83,3
371,88,1
371,89,7
371,98,11
374,376,1
374,378,5
374,383,15
374,386,10
374,389,2
374,392,7
374,393,5
374,395,7
374,396,5
374,399,3
374,403,8
374,404,2
374,405,4
374,410,7
374,411,8
374,414,1
374,417,2
374,418,9
374,419,4
374,420,14
374,422,10
374,424,12
374,428,4
374,430,1
374,431,5
374,433,4
374,437,2
374,439,6
374,443,7
374,444,1
374,446,2
374,447,4
374,448,2
374,449,16
374,451,1
374,452,1
374,457,7
374,459,9
374,460,1
374,461,1
374,467,1
374,468,2
374,472,4
374,473,2
374,474,4
374,475,1
374,476,2
374,478,1
374,481,2
374,482,5
374,484,7
374,485,1
374,486,3
374,487,7
374,490,2
374,491,2
374,494,7
374,496,1
374,498,3
374,499,4
374,501,2
374,51,2
374,6,1
374,63,1
374,65,2
374,79,1
374,83,7
374,88,2
374,89,9
374,98,10
376,376,1
376,378,2
376,379,2
376,383,2
376,386,2
376,387,1
376,391,2
376,392,3
376,393,1
376,394,1
376,395,1
376,396,1
376,403,1
376,404,1
376,405,1
376,410,1
376,411,2
376,414,1
376,418,1
376,419,2
376,422,2
376,424,2
376,425,3
376,427,1
376,432,1
376,437,2
376,439,1
376,44,1
376,441,2
376,442,1
376,443,1
376,444,3
376,445,2
376,447,2
376,448,3
376,449,3
376,451,4
376,452,4
376,453,11
376,454,2
376,457,2
376,458,3
376,466,1
376,468,1
376,471,1
376,473,1
376,477,1
376,478,2
376,479,3
376,481,1
376,482,2
376,484,1
376,485,5
376,487,2
376,488,2
376,489,1
376,490,2
376,491,3
376,496,6
376,498,2
376,499,1
376,501,2
376,502,1
376,65,1
376,83,1
376,89,2
376,98,2
378,378,1
378,379,1
378,383,25
378,386,10
378,388,2
378,389,5
378,391,2
378,392,7
378,393,4
378,395,11
378,396,3
378,399,1
378,403,14
378,404,1
378,405,1
378,410,9
378,411,10
378,414,1
378,417,2
378,418,13
378,419,5
378,420,15
378,422,17
378,424,16
378,425,1
378,426,3
378,427,1
378,428,10
378,430,2
378,431,5
378,433,4
378,436,1
378,439,6
378,44,1
378,443,13
378,444,1
378,445,1
378,447,3
378,449,30
378,452,1
378,453,3
378,457,11
378,459,13
378,460,4
378,461,1
378,468,2
378,471,1
378,472,2
378,473,1
378,474,1
378,475,2
378,476,1
378,478,3
378,481,3
378,482,2
378,484,15
378,485,2
378,486,6
378,487,12
378,489,1
378,49,1
378,490,1
378,491,2
378,494,20
378,496,1
378,498,9
378,499,6
378,501,7
378,502,2
378,51,6
378,53,1
378,6,2
378,63,1
378,65,4
378,79,1
378,83,14
378,88,3
378,89,22
378,98,13
379,387,2
379,391,2
379,392,3
379,394,1
379,396,1
379,415,1
379,418,1
379,419,1
379,420,1
379,425,2
379,427,1
379,432,1
379,436,1
379,439,1
379,441,1
379,444,1
379,448,1
379,451,1
379,452,1
379,453,4
379,454,1
379,458,1
379,466,1
379,471,1
379,473,1
379,474,1
379,477,1
379,478,1
379,479,1
379,481,1
379,482,1
379,485,2
379,488,1
379,489,1
379,491,1
379,496,2
379,498,1
379,501,1
379,502,1
379,51,1
379,65,2
379,98,1
380,395,1
380,402,2
380,406,1
380,416,2
380,421,2
380,429,1
380,438,2
380,456,1
380,66,1
382,382,2
382,402,5
382,416,3
382,438,3
383,383,17
383,386,85
383,389,6
383,392,15
383,393,5
383,395,77
383,396,18
383,399,5
383,403,80
383,404,4
383,405,2
383,410,59
383,411,64
383,414,1
383,417,2
383,418,24
383,419,5
383,420,24
383,422,64
383,424,93
383,426,4
383,427,1
383,428,21
383,431,12
383,433,35
383,436,1
383,437,7
383,439,9
383,443,31
383,444,1
383,445,2
383,446,4
383,447,8
383,448,1
383,449,92
383,451,2
383,452,2
383,457,29
383,459,24
383,460,7
383,461,1
383,467,2
383,468,3
383,472,4
383,473,1
383,474,3
383,475,2
383,476,7
383,478,2
383,479,1
383,481,3
383,482,4
383,484,30
383,485,3
383,486,9
383,487,28
383,49,2
383,490,2
383,491,2
383,493,2
383,494,32
383,496,1
383,498,14
383,499,14
383,501,10
383,502,2
383,51,9
383,53,1
383,6,1
383,63,1
383,65,4
383,79,1
383,83,19
383,88,2
383,89,44
383,98,76
384,384,3
384,400,3
384,402,3
384,421,1
384,429,2
384,438,2
384,456,2
386,386,7
386,389,3
386,392,6
386,393,1
386,395,68
386,396,12
386,399,3
386,403,58
386,404,1
386,405,2
386,410,53
386,411,59
386,414,1
386,417,1
386,418,17
386,419,1
386,420,15
386,422,54
386,424,77
386,426,5
386,427,1
386,428,8
386,431,6
386,433,27
386,437,8
386,439,8
386,443,24
386,444,1
386,445,2
386,446,1
386,447,5
386,448,2
386,449,64
386,451,1
386,452,1
386,457,25
386,459,11
386,460,2
386,461,1
386,468,1
386,471,1
386,472,1
386,473,2
386,474,1
386,476,7
386,478,2
386,481,1
386,482,2
386,484,29
386,485,2
386,486,4
386,487,20
386,49,2
386,490,2
386,491,2
386,493,1
386,494,17
386,496,1
386,498,8
386,499,11
386,501,7
386,502,2
386,51,4
386,53,1
386,6,1
386,65,1
386,79,1
386,83,14
386,89,34
386,98,69
387,391,1
387,392,2
387,394,1
387,425,1
387,432,1
387,436,1
387,441,1
387,448,1
387,451,1
387,452,1
387,453,1
387,454,1
387,458,1
387,466,1
387,473,1
387,474,1
387,477,1
387,479,1
387,481,1
387,482,1
387,485,1
387,488,1
387,489,1
387,491,1
387,496,1
388,388,1
388,389,1
388,390,2
388,391,1
388,392,2
388,393,3
388,394,1
388,395,1
388,403,7
388,410,1
388,417,3
388,418,1
388,419,1
388,420,2
388,422,2
388,424,3
388,426,1
388,427,1
388,430,1
388,431,3
388,433,1
388,436,3
388,439,1
388,44,1
388,451,1
388,459,1
388,460,1
388,473,2
388,475,1
388,481,3
388,484,1
388,486,1
388,487,1
388,488,1
388,489,1
388,490,1
388,491,3
388,493,1
388,494,7
388,498,1
388,6,1
388,65,2
388,79,2
388,88,1
389,391,1
389,392,1
389,393,2
389,395,5
389,396,2
389,399,1
389,403,8
389,404,1
389,405,1
389,410,3
389,411,3
389,417,1
389,418,1
389,420,11
389,422,6
389,424,7
389,428,3
389,431,1
389,433,4
389,436,1
389,437,1
389,443,5
389,445,1
389,449,5
389,457,3
389,459,8
389,460,5
389,472,2
389,474,1
389,475,1
389,481,1
389,482,1
389,484,4
389,486,1
389,487,4
389,489,1
389,491,1
389,494,8
389,498,3
389,51,1
389,79,1
389,83,2
389,89,7
389,98,4
390,390,2
390,393,4
390,436,2
390,474,2
390,475,2
390,493,2
390,51,1
390,65,2
390,79,2
391,392,2
391,394,1
391,396,1
391,403,1
391,405,1
391,410,1
391,414,1
391,417,1
391,419,1
391,420,1
391,422,1
391,424,1
391,425,2
391,427,1
391,431,1
391,432,1
391,433,1
391,436,1
391,441,2
391,444,1
391,448,1
391,451,2
391,452,1
391,453,4
391,454,2
391,458,2
391,459,1
391,460,1
391,466,1
391,468,1
391,471,1
391,473,1
391,475,1
391,477,1
391,478,1
391,479,2
391,481,2
391,482,2
391,485,2
391,486,1
391,487,1
391,488,2
391,489,2
391,491,2
391,493,1
391,494,2
391,496,3
391,498,2
391,501,1
391,502,1
391,6,1
391,65,1
391,79,1
392,392,2
392,393,5
392,395,7
392,396,2
392,399,4
392,403,6
392,404,1
392,405,4
392,41,1
392,410,5
392,411,4
392,414,2
392,417,3
392,418,19
392,419,3
392,420,8
392,422,5
392,424,5
392,425,1
392,427,1
392,428,3
392,430,2
392,431,9
392,436,5
392,437,3
392,439,5
392,44,1
392,441,2
392,442,1
392,443,4
392,444,3
392,445,2
392,446,2
392,447,1
392,448,2
392,449,8
392,451,4
392,452,1
392,453,5
392,454,2
392,457,3
392,458,2
392,459,7
392,460,1
392,468,4
392,471,1
392,472,2
392,473,2
392,474,3
392,475,1
392,476,3
392,478,2
392,479,3
392,481,5
392,482,5
392,484,4
392,485,3
392,487,4
392,488,2
392,490,2
392,491,2
392,493,2
392,494,10
392,496,3
392,498,3
392,499,1
392,501,1
392,502,2
392,51,3
392,53,1
392,6,1
392,65,2
392,79,2
392,83,11
392,88,1
392,89,4
392,98,6
393,393,1
393,395,2
393,396,6
393,399,1
393,403,11
393,404,2
393,405,8
393,410,2
393,411,3
393,414,1
393,417,2
393,418,5
393,419,3
393,420,14
393,422,2
393,424,6
393,428,3
393,430,1
393,431,3
393,436,2
393,439,1
393,44,1
393,441,1
393,442,1
393,444,1
393,445,1
393,448,1
393,449,5
393,451,1
393,452,1
393,453,1
393,454,1
393,457,1
393,458,1
393,459,5
393,468,2
393,472,9
393,474,7
393,475,2
393,479,1
393,481,3
393,482,8
393,484,3
393,487,3
393,488,1
393,490,2
393,491,1
393,493,1
393,494,11
393,496,1
393,498,1
393,499,1
393,51,2
393,53,1
393,63,1
393,65,4
393,79,2
393,83,3
393,88,2
393,89,4
393,98,4
394,425,1
394,427,1
394,432,1
394,439,1
394,441,1
394,448,1
394,451,2
394,452,1
394,453,1
394,454,1
394,458,1
394,466,1
394,473,2
394,477,1
394,479,1
394,481,2
394,482,1
394,485,1
394,488,2
394,489,1
394,491,2
394,493,1
394,496,1
394,79,1
395,395,8
395,396,10
395,399,2
395,403,54
395,405,2
395,410,48
395,411,52
395,415,1
395,417,1
395,418,12
395,419,2
395,420,12
395,422,56
395,424,70
395,426,3
395,427,2
395,428,11
395,430,1
395,431,7
395,433,32
395,436,2
395,437,3
395,439,5
395,44,1
395,443,19
395,445,2
395,446,1
395,447,2
395,448,1
395,449,46
395,457,15
395,459,13
395,460,3
395,461,1
395,467,1
395,468,2
395,472,2
395,473,3
395,474,2
395,476,7
395,478,1
395,481,4
395,482,2
395,484,19
395,485,1
395,486,3
395,487,14
395,490,3
395,491,2
395,493,1
395,494,19
395,496,1
395,498,5
395,499,4
395,501,1
395,51,4
395,53,1
395,6,1
395,65,1
395,79,2
395,83,9
395,88,2
395,89,28
395,98,61
396,396,1
396,403,13
396,404,1
396,405,5
396,410,11
396,411,11
396,418,2
396,419,2
396,420,11
396,422,11
396,424,15
396,425,1
396,427,1
396,428,2
396,431,2
396,433,8
396,444,1
396,449,7
396,453,3
396,457,1
396,459,3
396,471,1
396,472,7
396,474,5
396,478,1
396,482,5
396,484,4
396,485,1
396,487,3
396,490,1
396,494,5
396,496,1
396,498,3
396,499,1
396,501,1
396,502,1
396,51,2
396,63,1
396,65,1
396,83,2
396,88,1
396,89,4
396,98,14
399,403,2
399,404,1
399,405,1
399,410,2
399,411,2
399,417,2
399,418,3
399,419,1
399,420,2
399,422,3
399,424,2
399,428,2
399,431,3
399,433,2
399,436,1
399,437,2
399,439,3
399,443,3
399,444,1
399,445,1
399,446,1
399,448,1
399,449,3
399,451,1
399,457,2
399,459,3
399,460,1
399,468,1
399,473,1
399,475,1
399,476,1
399,481,2
399,482,1
399,484,1
399,491,1
399,494,3
399,65,1
399,79,1
399,83,3
399,89,1
399,98,2
400,438,1
402,406,4
402,416,3
402,421,1
402,429,3
402,438,3
402,456,4
403,403,12
403,404,4
403,405,2
403,410,42
403,411,42
403,414,1
403,417,5
403,418,11
403,419,2
403,420,18
403,422,49
403,424,76
403,426,4
403,427,1
403,428,7
403,430,1
403,431,5
403,433,25
403,436,3
403,437,8
403,439,2
403,44,2
403,441,1
403,442,1
403,443,15
403,444,2
403,445,1
403,446,2
403,447,2
403,448,1
403,449,34
403,451,2
403,452,1
403,453,1
403,454,1
403,457,12
403,458,1
403,459,13
403,460,3
403,467,1
403,468,2
403,472,4
403,473,1
403,474,1
403,475,2
403,476,2
403,479,1
403,481,5
403,482,3
403,484,15
403,485,1
403,486,5
403,487,15
403,488,1
403,489,1
403,49,2
403,490,2
403,491,4
403,494,30
403,496,2
403,498,8
403,499,7
403,501,6
403,502,1
403,51,2
403,6,1
403,65,2
403,79,2
403,83,13
403,88,1
403,89,22
403,98,53
404,410,2
404,411,1
404,417,1
404,418,1
404,419,2
404,420,2
404,422,2
404,424,3
404,428,1
404,431,1
404,437,1
404,443,1
404,446,1
404,447,2
404,448,1
404,449,1
404,457,2
404,459,1
404,467,1
404,468,1
404,472,2
404,475,1
404,476,1
404,481,1
404,485,2
404,487,1
404,490,1
404,494,2
404,499,1
404,501,1
404,65,1
404,83,1
404,89,2
404,98,2
405,405,1
405,410,2
405,411,2
405,414,2
405,417,1
405,418,2
405,419,1
405,420,9
405,422,1
405,424,1
405,425,1
405,427,1
405,428,1
405,431,4
405,439,1
405,44,1
405,441,3
405,442,1
405,443,1
405,444,1
405,445,1
405,448,3
405,449,3
405,451,2
405,452,1
405,453,1
405,454,2
405,458,2
405,459,3
405,466,1
405,468,2
405,472,8
405,473,1
405,474,7
405,476,1
405,479,2
405,481,1
405,482,10
405,484,2
405,487,1
405,488,2
405,489,1
405,490,2
405,491,3
405,493,1
405,494,3
405,496,3
405,499,1
405,51,1
405,6,2
405,63,1
405,79,1
405,83,2
405,88,1
405,89,2
405,98,2
406,406,1
406,429,3
406,456,3
41,436,1
41,460,1
41,468,1
41,473,1
41,481,2
41,494,1
410,410,3
410,411,40
410,414,1
410,417,2
410,418,10
410,419,2
410,420,12
410,422,47
410,424,53
410,426,3
410,428,10
410,431,5
410,433,25
410,436,2
410,437,3
410,439,3
410,443,12
410,445,1
410,446,1
410,447,4
410,448,2
410,449,33
410,452,1
410,457,13
410,459,8
410,460,4
410,461,1
410,467,1
410,468,3
410,472,3
410,473,2
410,474,1
410,475,1
410,476,4
410,478,1
410,481,3
410,482,2
410,484,12
410,485,2
410,486,4
410,487,13
410,489,1
410,49,1
410,490,3
410,491,2
410,494,14
410,496,1
410,498,4
410,499,8
410,501,6
410,502,1
410,51,3
410,6,1
410,65,1
410,79,2
410,83,7
410,88,1
410,89,20
410,98,45
411,414,1
411,418,13
411,419,3
411,420,15
411,422,50
411,424,59
411,426,3
411,427,1
411,428,8
411,431,3
411,433,25
411,437,4
411,439,6
411,443,19
411,444,1
411,445,2
411,446,2
411,447,4
411,448,1
411,449,47
411,451,1
411,452,1
411,457,19
411,459,9
411,460,3
411,461,1
411,467,1
411,468,1
411,472,3
411,474,3
411,476,2
411,478,2
411,482,4
411,484,19
411,485,2
411,486,5
411,487,18
411,49,1
411,490,2
411,491,1
411,494,12
411,496,1
411,498,5
411,499,10
411,501,7
411,502,1
411,51,5
411,53,1
411,6,1
411,63,1
411,65,1
411,83,11
411,88,2
411,89,30
411,98,58
414,418,1
414,419,2
414,420,1
414,422,1
414,424,1
414,433,1
414,439,2
414,44,1
414,441,5
414,442,1
414,443,1
414,444,1
414,445,3
414,447,1
414,448,1
414,449,2
414,451,2
414,452,2
414,453,1
414,454,2
414,457,1
414,458,2
414,459,1
414,461,2
414,468,3
414,471,2
414,478,2
414,479,2
414,482,2
414,484,2
414,487,2
414,488,2
414,490,1
414,491,1
414,493,1
414,494,1
414,496,2
414,499,1
414,501,1
414,6,2
414,65,2
414,83,1
414,89,2
415,418,1
415,420,1
415,439,1
415,461,1
415,476,1
415,51,1
415,65,2
415,98,1
416,421,1
416,438,4
416,66,1
417,418,2
417,419,1
417,420,1
417,422,2
417,424,3
417,428,1
417,431,5
417,433,1
417,436,2
417,439,1
417,443,1
417,448,1
417,449,2
417,457,1
417,459,2
417,460,1
417,468,1
417,473,1
417,475,2
417,476,1
417,481,3
417,486,1
417,487,1
417,489,1
417,491,1
417,494,5
417,498,1
417,65,1
417,79,2
417,83,2
418,418,6
418,419,1
418,420,12
418,422,15
418,424,21
418,426,1
418,428,3
418,430,2
418,431,20
418,433,6
418,437,5
418,439,11
418,443,11
418,444,1
418,445,1
418,446,3
418,447,2
418,448,1
418,449,27
418,451,2
418,452,1
418,453,1
418,457,12
418,459,7
418,461,1
418,467,1
418,468,2
418,472,1
418,473,2
418,474,2
418,475,1
418,476,9
418,478,2
418,479,1
418,481,2
418,482,2
418,484,12
418,485,2
418,486,3
418,487,7
418,490,1
418,491,2
418,493,1
418,494,12
418,498,4
418,499,4
418,501,3
418,502,7
418,51,16
418,53,3
418,6,1
418,65,4
418,79,1
418,83,36
418,89,14
418,98,15
419,419,1
419,420,4
419,422,3
419,424,4
419,425,1
419,426,1
419,427,1
419,428,3
419,430,1
419,431,2
419,44,1
419,444,1
419,445,2
419,447,1
419,448,1
419,449,3
419,453,3
419,457,2
419,458,1
419,459,2
419,461,2
419,468,1
419,471,3
419,472,2
419,473,1
419,474,1
419,475,1
419,477,1
419,478,4
419,481,2
419,482,2
419,484,4
419,485,2
419,487,2
419,489,1
419,490,2
419,491,1
419,494,3
419,496,1
419,498,1
419,499,1
419,501,2
419,502,1
419,51,1
419,6,2
419,63,1
419,65,3
419,83,2
419,88,3
419,89,3
419,98,3
420,420,7
420,422,14
420,424,18
420,428,8
420,431,6
420,433,5
420,436,1
420,437,4
420,439,6
420,443,17
420,444,1
420,445,1
420,446,2
420,447,4
420,449,25
420,451,1
420,452,1
420,457,11
420,459,21
420,460,5
420,461,1
420,467,1
420,468,1
420,472,14
420,473,1
420,474,9
420,475,1
420,476,2
420,478,1
420,481,1
420,482,12
420,484,19
420,485,1
420,486,4
420,487,12
420,489,1
420,490,2
420,491,3
420,493,1
420,494,18
420,498,8
420,499,4
420,501,2
420,51,5
420,6,1
420,63,2
420,65,3
420,79,1
420,83,11
420,88,4
420,89,26
420,98,20
421,438,2
421,456,1
421,66,1
422,422,3
422,424,59
422,426,4
422,427,1
422,428,10
422,430,1
422,431,4
422,433,31
422,436,2
422,437,4
422,439,7
422,44,1
422,443,17
422,444,1
422,445,2
422,446,2
422,447,4
422,448,2
422,449,44
422,451,1
422,452,1
422,457,15
422,459,10
422,460,5
422,461,1
422,467,1
422,468,3
422,472,2
422,473,3
422,474,1
422,475,1
422,476,2
422,478,2
422,481,4
422,482,2
422,484,15
422,485,2
422,486,7
422,487,16
422,489,1
422,49,2
422,490,3
422,491,4
422,494,19
422,496,1
422,498,6
422,499,9
422,501,8
422,502,1
422,51,4
422,6,2
422,65,1
422,79,2
422,83,11
422,88,2
422,89,29
422,98,54
424,424,20
424,426,13
424,427,1
424,428,8
424,430,5
424,431,7
424,433,35
424,436,2
424,437,6
424,439,6
424,44,1
424,443,21
424,445,2
424,446,2
424,447,5
424,448,1
424,449,63
424,452,1
424,457,21
424,459,13
424,460,5
424,461,1
424,467,2
424,468,2
424,472,3
424,473,1
424,474,3
424,475,2
424,476,6
424,478,2
424,481,4
424,482,2
424,484,29
424,485,2
424,486,5
424,487,23
424,489,1
424,490,3
424,491,2
424,493,1
424,494,30
424,496,1
424,498,12
424,499,12
424,501,8
424,502,1
424,51,6
424,53,2
424,6,6
424,65,2
424,79,1
424,83,18
424,88,2
424,89,37
424,98,72
425,427,2
425,432,1
425,433,1
425,436,1
425,441,2
425,444,4
425,448,2
425,451,1
425,452,3
425,453,5
425,454,1
425,458,1
425,466,3
425,468,1
425,471,1
425,473,2
425,477,2
425,478,2
425,479,1
425,481,2
425,482,2
425,485,4
425,488,1
425,489,3
425,491,4
425,496,3
425,498,1
425,501,1
425,502,1
425,6,1
425,65,1
425,79,1
426,426,1
426,428,1
426,430,5
426,433,1
426,44,1
426,443,2
426,447,1
426,449,10
426,457,3
426,459,1
426,473,1
426,481,1
426,484,4
426,486,4
426,487,3
426,49,1
426,490,1
426,491,1
426,494,1
426,498,2
426,499,3
426,501,2
426,6,2
426,83,1
426,88,1
426,89,4
426,98,2
427,439,1
427,441,1
427,444,1
427,448,1
427,451,1
427,453,3
427,466,1
427,471,1
427,473,1
427,478,1
427,481,1
427,482,1
427,485,1
427,488,1
427,489,1
427,491,3
427,493,1
427,496,2
427,498,1
427,501,1
427,502,1
427,6,1
427,65,1
427,79,1
427,98,1
428,428,2
428,431,2
428,433,3
428,436,1
428,437,2
428,439,1
428,443,8
428,445,1
428,447,1
428,449,18
428,457,5
428,459,10
428,460,5
428,468,3
428,472,2
428,473,2
428,474,1
428,475,1
428,476,1
428,481,2
428,482,2
428,484,6
428,486,3
428,487,5
428,49,1
428,490,1
428,491,2
428,494,10
428,498,2
428,499,3
428,501,4
428,51,1
428,53,1
428,63,1
428,65,1
428,79,1
428,83,4
428,88,2
428,89,13
428,98,9
429,456,2
430,439,1
430,44,1
430,473,1
430,481,1
430,490,1
430,491,1
430,494,1
430,51,1
430,53,1
430,6,2
430,83,2
430,88,1
430,98,1
431,431,3
431,433,1
431,436,2
431,437,3
431,439,3
431,443,3
431,446,1
431,448,2
431,449,9
431,451,1
431,453,1
431,457,4
431,459,5
431,460,1
431,468,1
431,472,2
431,473,2
431,474,2
431,475,2
431,476,7
431,481,4
431,482,2
431,484,3
431,485,1
431,486,1
431,487,2
431,489,1
431,490,1
431,491,1
431,493,2
431,494,8
431,498,2
431,499,1
431,502,4
431,51,6
431,53,1
431,63,1
431,65,1
431,79,3
431,83,19
431,88,1
431,89,4
431,98,6
432,439,2
432,441,2
432,448,2
432,451,4
432,452,1
432,453,1
432,454,2
432,458,1
432,461,1
432,466,1
432,467,1
432,473,1
432,477,1
432,479,1
432,481,1
432,482,1
432,485,1
432,488,2
432,489,1
432,491,1
432,496,2
432,51,2
432,65,1
433,433,3
433,436,2
433,437,3
433,439,2
433,443,6
433,444,1
433,445,2
433,446,1
433,447,2
433,449,16
433,452,2
433,457,6
433,459,5
433,460,4
433,461,1
433,466,1
433,467,1
433,468,2
433,473,1
433,474,1
433,475,1
433,477,1
433,478,1
433,481,2
433,484,4
433,485,1
433,486,3
433,487,4
433,489,2
433,491,1
433,494,6
433,496,1
433,498,2
433,499,1
433,501,1
433,51,2
433,6,1
433,65,1
433,79,1
433,83,6
433,89,9
433,98,26
436,44,1
436,443,1
436,444,1
436,451,1
436,452,1
436,459,2
436,460,2
436,466,1
436,468,5
436,473,4
436,474,2
436,475,3
436,477,1
436,479,1
436,481,7
436,485,1
436,486,1
436,487,1
436,489,2
436,490,2
436,491,3
436,493,1
436,494,6
436,498,2
436,79,2
436,89,1
437,439,3
437,443,5
437,444,1
437,445,1
437,446,5
437,447,1
437,449,8
437,451,2
437,453,1
437,457,4
437,459,3
437,460,1
437,467,1
437,472,1
437,473,1
437,476,4
437,482,1
437,484,2
437,485,2
437,486,1
437,487,1
437,491,2
437,493,1
437,494,1
437,496,1
437,498,1
437,501,1
437,83,4
437,89,5
437,98,8
438,456,1
438,66,1
439,439,1
439,441,1
439,443,9
439,444,3
439,445,2
439,446,3
439,447,2
439,448,2
439,449,14
439,451,6
439,452,1
439,453,1
439,454,1
439,457,7
439,459,4
439,461,2
439,467,2
439,468,1
439,471,1
439,473,3
439,474,1
439,476,3
439,478,3
439,481,2
439,482,2
439,484,5
439,485,2
439,486,2
439,487,3
439,488,2
439,491,4
439,493,2
439,494,3
439,496,1
439,498,2
439,499,1
439,501,1
439,51,8
439,53,1
439,6,1
439,65,4
439,79,2
439,83,8
439,89,6
439,98,8
44,441,1
44,442,1
44,444,1
44,445,1
44,448,1
44,451,2
44,452,1
44,453,1
44,454,1
44,458,1
44,468,2
44,473,2
44,475,1
44,479,2
44,481,2
44,482,1
44,488,1
44,490,3
44,491,3
44,494,1
44,496,1
44,6,1
44,88,1
441,441,2
441,442,1
441,444,1
441,445,1
441,448,4
441,451,5
441,452,2
441,453,2
441,454,4
441,458,5
441,466,2
441,468,2
441,473,1
441,477,1
441,479,3
441,481,1
441,482,4
441,485,1
441,487,1
441,488,4
441,489,2
441,490,1
441,491,4
441,493,1
441,496,5
441,51,1
441,6,2
441,65,1
441,89,1
442,444,1
442,445,1
442,448,1
442,451,1
442,452,1
442,453,1
442,454,1
442,458,1
442,468,1
442,479,1
442,482,1
442,486,1
442,488,1
442,490,1
442,491,1
442,496,1
443,444,1
443,445,2
443,446,3
443,447,8
443,448,1
443,449,54
443,451,1
443,452,1
443,457,23
443,459,18
443,460,6
443,461,1
443,467,2
443,468,1
443,472,1
443,473,2
443,474,1
443,476,4
443,478,2
443,481,1
443,482,1
443,484,21
443,485,2
443,486,11
443,487,20
443,49,1
443,491,2
443,493,1
443,494,19
443,498,13
443,499,11
443,501,7
443,51,4
443,53,1
443,6,1
443,65,1
443,79,1
443,83,12
443,89,39
443,98,21
444,445,1
444,446,1
444,448,1
444,449,1
444,451,2
444,452,3
444,453,6
444,454,1
444,458,1
444,459,1
444,466,1
444,468,2
444,471,1
444,473,1
444,477,1
444,478,2
444,479,1
444,481,1
444,482,2
444,485,4
444,488,1
444,489,1
444,490,1
444,491,3
444,496,2
444,498,1
444,501,1
444,502,1
444,51,1
444,65,1
444,79,1
444,83,1
444,98,1
445,447,1
445,448,1
445,449,3
445,451,1
445,452,1
445,453,1
445,454,1
445,457,2
445,458,1
445,459,1
445,460,1
445,461,1
445,468,1
445,471,2
445,478,2
445,479,1
445,482,1
445,484,3
445,485,1
445,487,1
445,488,1
445,490,1
445,491,1
445,494,1
445,496,1
445,498,1
445,83,1
445,89,2
445,98,3
446,446,1
446,447,1
446,449,2
446,451,1
446,459,1
446,467,2
446,472,1
446,474,1
446,476,2
446,482,1
446,485,1
446,486,1
446,491,1
446,493,1
446,51,1
446,83,1
446,89,1
446,98,3
447,448,1
447,449,15
447,452,1
447,457,5
447,459,3
447,460,2
447,461,1
447,467,1
447,468,1
447,472,1
447,476,1
447,478,2
447,484,6
447,485,3
447,486,3
447,487,8
447,490,1
447,494,3
447,496,1
447,498,3
447,499,3
447,501,3
447,6,1
447,65,1
447,83,3
447,89,8
447,98,5
448,449,2
448,451,4
448,452,2
448,453,2
448,454,3
448,457,1
448,458,2
448,466,2
448,468,1
448,473,2
448,476,1
448,477,1
448,479,2
448,481,2
448,482,3
448,485,2
448,487,1
448,488,3
448,489,2
448,490,2
448,491,4
448,494,1
448,496,4
448,499,1
448,501,1
448,51,1
448,6,1
448,79,1
448,83,1
448,89,1
448,98,1
449,449,28
449,451,2
449,452,2
449,453,1
449,457,46
449,459,28
449,460,10
449,461,2
449,467,1
449,468,2
449,471,1
449,472,3
449,473,4
449,474,3
449,476,7
449,478,4
449,481,3
449,482,4
449,484,53
449,485,4
449,486,23
449,487,48
449,49,3
449,490,2
449,491,4
449,493,1
449,494,38
449,496,1
449,498,27
449,499,26
449,501,15
449,502,2
449,51,8
449,53,2
449,6,2
449,63,1
449,65,2
449,79,2
449,83,25
449,88,2
449,89,70
449,98,53
451,451,2
451,452,5
451,453,5
451,454,5
451,457,1
451,458,5
451,459,1
451,461,1
451,466,1
451,467,1
451,468,3
451,473,5
451,475,1
451,477,1
451,479,6
451,481,4
451,482,4
451,485,4
451,488,6
451,489,1
451,490,2
451,491,6
451,493,2
451,496,7
451,51,3
451,6,1
451,65,1
451,79,1
451,83,2
451,98,1
452,453,4
452,454,2
452,457,1
452,458,3
452,459,1
452,461,1
452,466,2
452,468,3
452,473,2
452,477,2
452,478,1
452,479,3
452,481,2
452,482,2
452,484,1
452,485,3
452,487,1
452,488,2
452,489,2
452,490,1
452,491,3
452,494,1
452,496,3
452,499,1
452,501,1
452,6,1
452,65,1
452,83,1
452,89,1
453,453,5
453,454,2
453,457,1
453,458,3
453,466,1
453,468,1
453,471,3
453,473,1
453,477,1
453,478,3
453,479,3
453,481,1
453,482,2
453,485,7
453,488,2
453,489,1
453,490,1
453,491,3
453,496,6
453,498,3
453,501,3
453,502,3
453,51,1
453,65,3
453,83,1
454,458,3
454,466,1
454,468,2
454,473,1
454,477,1
454,479,3
454,481,1
454,482,3
454,485,1
454,488,6
454,489,1
454,490,1
454,491,2
454,493,1
454,496,4
454,51,1
454,6,1
456,456,1
457,457,4
457,459,12
457,460,4
457,461,1
457,468,2
457,473,1
457,475,1
457,476,2
457,478,2
457,481,1
457,484,18
457,485,3
457,486,7
457,487,17
457,490,1
457,491,1
457,493,1
457,494,10
457,498,10
457,499,14
457,501,8
457,502,1
457,51,2
457,6,1
457,65,4
457,83,16
457,89,30
457,98,20
458,466,1
458,468,2
458,473,1
458,477,2
458,478,1
458,479,4
458,481,1
458,482,3
458,485,2
458,488,3
458,489,2
458,490,1
458,491,2
458,493,1
458,496,4
458,6,2
458,65,1
459,459,2
459,460,7
459,461,1
459,468,2
459,472,3
459,473,1
459,474,3
459,475,2
459,476,1
459,478,1
459,481,4
459,482,4
459,484,14
459,486,8
459,487,12
459,489,1
459,490,1
459,491,3
459,494,27
459,498,11
459,499,6
459,501,3
459,51,2
459,6,1
459,63,1
459,65,2
459,79,3
459,83,8
459,88,1
459,89,23
459,98,12
460,468,1
460,473,1
460,475,1
460,481,3
460,484,4
460,486,4
460,487,5
460,489,1
460,491,1
460,494,9
460,498,3
460,499,2
460,501,2
460,51,1
460,79,1
460,89,8
460,98,4
461,467,1
461,468,1
461,471,1
461,476,1
461,478,2
461,484,2
461,487,1
461,494,1
461,499,1
461,501,1
461,51,1
461,6,1
461,65,3
461,83,1
461,89,1
466,468,1
466,473,2
466,477,2
466,479,1
466,481,2
466,482,2
466,485,2
466,488,1
466,489,3
466,491,3
466,496,2
466,6,1
467,472,1
467,474,1
467,476,1
467,485,1
467,486,1
467,51,2
467,65,1
467,89,1
467,98,2
468,468,1
468,473,6
468,475,2
468,477,1
468,478,1
468,479,3
468,481,8
468,482,2
468,484,1
468,485,1
468,487,1
468,488,2
468,489,1
468,490,4
468,491,6
468,493,1
468,494,3
468,496,2
468,499,1
468,501,1
468,6,2
468,65,2
468,83,2
468,89,1
471,478,2
471,484,2
471,485,1
471,496,1
471,498,1
471,501,1
471,502,1
471,65,1
472,472,1
472,474,7
472,476,1
472,482,8
472,484,3
472,485,1
472,487,2
472,490,1
472,494,4
472,499,1
472,51,1
472,63,1
472,83,1
472,88,2
472,89,4
472,98,4
473,475,1
473,476,2
473,477,2
473,479,2
473,481,11
473,482,1
473,484,1
473,485,2
473,486,1
473,488,2
473,489,2
473,490,3
473,491,9
473,493,1
473,494,3
473,496,1
473,498,1
473,6,1
473,79,2
473,83,1
473,88,1
473,89,1
474,475,1
474,482,6
474,484,2
474,486,1
474,487,1
474,490,1
474,493,1
474,494,2
474,499,1
474,51,2
474,63,1
474,79,1
474,83,1
474,88,1
474,89,3
474,98,3
475,479,1
475,481,3
475,486,1
475,487,1
475,489,1
475,490,1
475,491,2
475,493,1
475,494,3
475,498,1
475,65,1
475,79,2
475,83,1
476,481,1
476,484,3
476,485,1
476,486,1
476,487,1
476,491,1
476,493,1
476,494,2
476,498,1
476,502,1
476,51,2
476,53,1
476,65,1
476,79,1
476,83,5
476,89,2
476,98,4
477,478,1
477,479,1
477,481,2
477,482,1
477,485,2
477,488,1
477,489,3
477,491,1
477,496,1
477,6,1
477,65,1
478,484,3
478,485,3
478,487,2
478,489,1
478,494,1
478,496,1
478,498,2
478,499,1
478,501,2
478,502,1
478,6,2
478,65,3
478,79,1
478,83,2
478,89,2
478,98,1
479,481,3
479,482,3
479,485,2
479,488,3
479,489,1
479,490,2
479,491,3
479,493,1
479,496,4
479,6,1
481,481,1
481,482,1
481,485,2
481,486,1
481,487,2
481,488,2
481,489,3
481,490,3
481,491,8
481,493,1
481,494,13
481,496,1
481,498,2
481,6,1
481,65,1
481,79,4
481,83,2
481,88,1
482,484,3
482,485,1
482,487,2
482,488,3
482,489,2
482,490,2
482,491,5
482,493,1
482,494,3
482,496,4
482,499,1
482,51,1
482,6,2
482,63,1
482,83,2
482,88,2
482,89,3
482,98,4
484,484,3
484,485,1
484,486,6
484,487,20
484,49,2
484,490,1
484,491,1
484,494,19
484,498,11
484,499,12
484,501,6
484,51,3
484,6,1
484,63,1
484,65,1
484,83,10
484,88,2
484,89,30
484,98,24
485,487,2
485,488,1
485,489,2
485,490,1
485,491,1
485,496,3
485,498,2
485,499,1
485,501,2
485,502,1
485,51,1
485,65,1
485,79,1
485,83,2
485,89,2
485,98,3
486,487,9
486,489,1
486,49,1
486,491,2
486,494,7
486,498,7
486,499,5
486,501,4
486,51,1
486,79,1
486,83,1
486,89,14
486,98,4
487,489,1
487,49,1
487,490,2
487,491,1
487,494,21
487,496,1
487,498,11
487,499,13
487,501,9
487,51,3
487,53,1
487,6,1
487,65,2
487,79,2
487,83,9
487,88,1
487,89,29
487,98,20
488,488,1
488,489,1
488,490,1
488,491,3
488,493,2
488,496,4
488,51,1
488,6,1
488,79,1
489,491,4
489,494,2
489,496,2
489,498,1
489,6,2
489,65,1
489,79,1
49,494,1
49,499,1
49,501,1
49,83,1
49,89,2
490,491,4
490,494,2
490,496,1
490,499,2
490,501,1
490,6,1
490,88,1
490,89,2
490,98,2
491,491,2
491,493,1
491,494,3
491,496,4
491,498,2
491,6,3
491,79,2
491,83,1
491,88,1
491,89,1
491,98,1
493,496,1
493,51,1
493,6,1
493,79,2
493,83,1
493,89,1
493,98,1
494,494,7
494,498,13
494,499,9
494,501,6
494,51,1
494,53,1
494,6,2
494,65,3
494,79,6
494,83,8
494,88,2
494,89,26
494,98,16
496,498,1
496,501,1
496,502,1
496,51,1
496,6,2
496,65,1
496,83,1
496,98,1
498,499,4
498,501,4
498,502,1
498,51,2
498,65,1
498,79,1
498,83,1
498,89,13
498,98,7
499,501,10
499,6,1
499,65,1
499,83,6
499,89,16
499,98,9
501,501,2
501,502,1
501,6,1
501,65,2
501,83,6
501,89,11
501,98,6
502,51,2
502,65,1
502,83,6
502,98,1
51,51,1
51,53,1
51,63,1
51,65,2
51,83,10
51,88,1
51,89,5
51,98,10
53,83,2
53,89,1
53,98,2
6,6,1
6,65,2
6,83,1
6,88,1
6,89,1
63,83,1
63,88,1
63,89,1
63,98,1
65,83,2
65,89,2
65,98,1
79,83,1
83,83,3
83,88,1
83,89,18
83,98,14
88,89,2
88,98,2
89,89,3
89,98,38
98,98,6
